years_since_bfp,predicted_probability,lower_95,upper_95
0,0.4434730134741362,0.14583859733213955,0.7967426745492194
1,0.39368104209017485,0.15185450824798988,0.6996745510359691
2,0.34312151881481645,0.15737005625856235,0.5840717473219353
3,0.29408436211732486,0.15866801822915674,0.46473090258433924
4,0.24890979293989351,0.15115046725613876,0.36547932009410655
5,0.2093824602945813,0.1272971565469451,0.2994066744809921
6,0.176310444608272,0.0912975837382261,0.27380232304177565
7,0.14954024272187685,0.058136595822858975,0.2751561912018433
8,0.12831380284982452,0.03453351750137161,0.28189249225622726
