group,variable,estimate,lower_95,upper_95,posterior_prob_positive,contrast
Mechanism,grant,0.22333339264179886,0.13876457010967175,0.3202176328247879,NA,absent
Mechanism,grant,0.205826447255555,0.10593478132185713,0.33895044604342245,NA,present
Mechanism,grant,-0.017506945386243852,-0.11546200826132698,0.09686779016605869,0.354625,present minus absent
Mechanism,debt_equity,0.2221362235206335,0.13640066295388742,0.31897266217728626,NA,absent
Mechanism,debt_equity,0.20549151957012565,0.09321123454230322,0.35610757003162186,NA,present
Mechanism,debt_equity,-0.016644703950507867,-0.1359979617312907,0.12392123563829333,0.37725,present minus absent
Mechanism,risk,0.21748444801450656,0.13516807614139226,0.30941550070046053,NA,absent
Mechanism,risk,0.3151295382061213,0.10777068704719797,0.586456787020119,NA,present
Mechanism,risk,0.09764509019161474,-0.0962345237747751,0.34917963208670216,0.785375,present minus absent
Mechanism,fiscal,0.20494040394529078,0.11894579195867097,0.3068562685694713,NA,absent
Mechanism,fiscal,0.24012944026108762,0.137896749643083,0.36434628760669413,NA,present
Mechanism,fiscal,0.035189036315796854,-0.07174622268416285,0.1486363420743046,0.736375,present minus absent
Mechanism,market,0.229631638077809,0.13196810049555924,0.34409337681780133,NA,absent
Mechanism,market,0.2088363647471156,0.11785960967412035,0.32835662001030574,NA,present
Mechanism,market,-0.02079527333069341,-0.14159995559361963,0.10345671351601639,0.361125,present minus absent
Mechanism,regulatory,0.24560958177612613,0.1285983007670195,0.39002497724985796,NA,absent
Mechanism,regulatory,0.20991315248252873,0.12577988182852734,0.30614718009278963,NA,present
Mechanism,regulatory,-0.03569642929359739,-0.17500823542114963,0.08703355096717849,0.302125,present minus absent
Result,generate,0.20840694091775497,0.11381561770438711,0.3236773424396628,NA,absent
Result,generate,0.22574980338702588,0.13292349355929586,0.3319546749360039,NA,present
Result,generate,0.017342862469270914,-0.0918077016545672,0.12300927307877695,0.626,present minus absent
Result,realign,0.22390005092327248,0.13938006169182668,0.3188289051965862,NA,absent
Result,realign,0.19611922699124357,0.09363146103859045,0.32955502075198734,NA,present
Result,realign,-0.02778082393202892,-0.13033900962205236,0.08879406207251912,0.291125,present minus absent
Result,avoid,0.22958493288891915,0.14166962712358913,0.3275521767855131,NA,absent
Result,avoid,0.1928921545436063,0.1019396841109686,0.3082628303536851,NA,present
Result,avoid,-0.03669277834531285,-0.13206956492212915,0.06375719763508696,0.2135,present minus absent
Result,deliver,0.2184354289623736,0.1290238508944846,0.3201741540809317,NA,absent
Result,deliver,0.2195184286070973,0.12395407379346901,0.3359970587640803,NA,present
Result,deliver,0.0010829996447236964,-0.09600790429081255,0.1046615345328252,0.504375,present minus absent
