term,estimate_log_odds,se_log_odds,lower_log_odds,upper_log_odds,odds_ratio,odds_ratio_lower,odds_ratio_upper
Intercept,-1.4026117950492876,0.5984006888210104,-2.57994459,-0.24960331950000017,0.24595374355756427,0.07577820277673378,0.7791097794377986
source_groupprivate,0.015634038781076238,0.468646454069035,-0.88501796975,0.9187988034999998,1.0157568897493456,0.4127067569751691,2.506278048671516
source_groupblended,0.26982894371931,0.4109579094131352,-0.5275212932500001,1.0746851949999996,1.3097403922503206,0.590065758475384,2.9290706692877677
grant,-0.13359623466659737,0.3603636556336327,-0.8291559505,0.5807804329999986,0.8749432650526094,0.43641748887236054,1.7874328581384955
debt_equity,-0.14360450621883775,0.44729087309775833,-1.0385825874999999,0.7182564379999998,0.8662302690067347,0.35395602826649764,2.0508542998993184
risk,0.5128214068884688,0.6418135039121904,-0.75789399725,1.7657074674999993,1.6699962933719878,0.4686523716279042,5.845706542906501
fiscal,0.22765872220169,0.3641627049015908,-0.48241040325,0.95802880525,1.2556567245381358,0.6172936704433714,2.6065533817291224
market,-0.14214281905371873,0.4078742056176907,-0.9372885115,0.6539805774999998,0.867497352487213,0.39168845552174175,1.923180983764064
regulatory,-0.2140273029904996,0.41581843426607346,-1.0337124625,0.5957217545000001,0.8073263422983129,0.3556840427765556,1.8143399805476577
generate,0.1196528103511725,0.35978081524320044,-0.585441961,0.8246714242499996,1.127105464290161,0.5568596971499786,2.2811311178101668
realign,-0.21073172181176336,0.3842831449252528,-0.96927723375,0.5339798667499999,0.8099913407444362,0.37935712556794016,1.705707305674258
avoid,-0.2581325931222454,0.3316181685253858,-0.92998552275,0.39764813474999966,0.7724927980840446,0.39455942246565223,1.4883202495859338
deliver,0.0018276607390695033,0.33125296435193613,-0.64164073675,0.6546191219999999,1.0018293319289258,0.5264279853370247,1.924409412565239
years_since_bfp_z,-0.42651769304177,0.31151582744864836,-1.0843154824999999,0.13847418399999986,0.6527783158393697,0.33813316476284677,1.1485200309943304
gdppc_bfp_window_z,0.16746747112778487,0.2905692789597481,-0.39348836449999997,0.7334050299999996,1.1823068304515925,0.6746991679933696,2.082158362541073
GE_bfp_window_z,-0.011193029137968375,0.32012634600384177,-0.6268650090000001,0.6280803614999998,0.9888693797474881,0.5342640914478393,1.8740097030045033
oda_bfp_window_pc_z,-0.46777830992265124,0.29495250902030845,-1.05345684,0.11630703374999994,0.6263923732398742,0.34873015872841995,1.1233407227047834
