model,term,posterior_estimate,posterior_sd,lower_95,upper_95,odds_ratio,odds_ratio_lower,odds_ratio_upper
Region-adjusted,GE_bfp_window_z,0.004531252022402389,0.4415227236332233,-0.8814657732499999,0.8693433412499998,1.0045415336685586,0.4141753793461775,2.385343982133047
Region-adjusted,PV_bfp_window_z,-0.08049283948197125,0.35047327485842855,-0.766930933,0.6256935957499996,0.9226615102944817,0.46443626927218823,1.8695422143754383
Region-adjusted,RQ_bfp_window_z,-0.06008618431779214,0.4853678433622183,-0.9886307115,0.9126088102499987,0.9416833717478899,0.37208583521502264,2.4908121208447374
Region-adjusted,gdppc_bfp_window_z,0.25949235663548437,0.4006293486488894,-0.5391849872499999,1.027988827499999,1.2962718757953609,0.5832233932263403,2.795438069222161
Region-adjusted,oda_bfp_window_pc_z,-0.4625199963541137,0.3371758010188071,-1.1241831775,0.19947240674999994,0.629694815785196,0.32491775913176313,1.2207585242711025
Region-adjusted,regionAsiaandthePacific,-0.12014285221891863,0.5424436387478546,-1.19143352,0.9320251962499998,0.886793747213922,0.30378546923517175,2.539647257153542
Region-adjusted,regionEuropeandCentralAsia,0.3607005998988425,0.5921844935703171,-0.8315416295,1.495732219999999,1.4343339568532145,0.43537757777417746,4.462602963978386
Region-adjusted,regionLatinAmericaandCaribbean,0.0474016446832441,0.5817719955468078,-1.0935149199999998,1.1873718599999998,1.048543066264023,0.3350367941180784,3.278453639972223
Region-adjusted,sd(country_intercept),1.5363906438,0.4046647216796126,0.85807715825,2.4502014299999995,NA,NA,NA
Region-adjusted,tax_bfp_window_z,0.09871006639356425,0.320353613118333,-0.52439394,0.7319447897499999,1.1037462400351548,0.5919139910746173,2.079120129907876
Region-adjusted,years_since_bfp_z,-0.5242795009693394,0.3621886590821417,-1.2880530225,0.1288248719999995,0.5919817330140773,0.27580725118702615,1.1374909002150213
Quadratic BFP-age,GE_bfp_window_z,-0.11689292278774124,0.3614751762118307,-0.81770768975,0.5991141299999999,0.8896804525659265,0.4414424185518352,1.8205053547658594
Quadratic BFP-age,gdppc_bfp_window_z,0.28304531483053846,0.33253256259126895,-0.38418781150000003,0.9480411582499996,1.3271653007252535,0.6810035148765881,2.5806496208071157
Quadratic BFP-age,oda_bfp_window_pc_z,-0.374543749430364,0.3285096483198118,-1.028594045,0.2658059262499999,0.6876029264614486,0.3575092493053345,1.3044818684309178
Quadratic BFP-age,sd(country_intercept),1.44876412231875,0.3841053376144372,0.8112916425,2.3000372849999993,NA,NA,NA
Quadratic BFP-age,years_since_bfp_z,-0.6053913862605861,0.3682517295002849,-1.3858456249999997,0.06500153922499974,0.5458607424311246,0.25011220920425126,1.0671606669833058
Quadratic BFP-age,years_since_bfp_z_sq,-0.17440461920383374,0.22302736905868834,-0.635608402,0.2432936189999999,0.8399569661727582,0.5296131725653215,1.2754430634613672
