iso3c,year,country,region,gdppc,tax_gdp,pop,GE,PV,RQ,oda_bio_total,oda_bio_weighted_pc
BLZ,2010,Belize,Latin America and Caribbean,NA,NA,NA,-0.261244267225266,0.0704276859760284,-0.33560249209404,46387,NA
BLZ,2011,Belize,Latin America and Caribbean,NA,NA,NA,-0.248732417821884,0.151908859610558,-0.378444939851761,791275.8,NA
BLZ,2012,Belize,Latin America and Caribbean,5732.66519942347,18.3628959510632,334414,-0.165085405111313,0.180257618427277,-0.436850935220718,161490,0.4829044238578528
BLZ,2013,Belize,Latin America and Caribbean,5957.34953619006,18.4715397684085,341627,-0.145570039749146,0.176189258694649,-0.447350561618805,54731.2,0.16020747774619687
BLZ,2014,Belize,Latin America and Caribbean,6128.12053089077,19.8625602469168,348923,-0.543895483016968,0.0485830754041672,-0.461533755064011,327375.6,0.9382459740401177
BLZ,2015,Belize,Latin America and Caribbean,6154.62264230369,19.7057091458161,356333,-0.641967713832855,0.0372595116496086,-0.440686821937561,344386.8,0.9664746178434217
BLZ,2016,Belize,Latin America and Caribbean,6140.86713919469,20.6436561300688,364705,-0.635813772678375,0.0521895512938499,-0.494319975376129,775279.7999999999,2.1257723365459755
BLZ,2017,Belize,Latin America and Caribbean,6071.85451846453,21.346693969945,373202,-0.670175135135651,0.0304041262716055,-0.55601555109024,750086,2.0098659707075526
BLZ,2018,Belize,Latin America and Caribbean,6011.99036888587,NA,380226,-0.627418994903564,-0.00212321965955198,-0.666695117950439,249057,0.6550235912325827
BLZ,2019,Belize,Latin America and Caribbean,6171.61449761423,NA,385829,-0.634233057498932,0.0619864836335182,-0.559759736061096,279498,0.7244089998418989
BLZ,2020,Belize,Latin America and Caribbean,5238.54078175696,NA,390812,-0.603579580783844,0.518667578697205,-0.55057954788208,68812.4,0.17607545315906367
BLZ,2021,Belize,Latin America and Caribbean,6142.98930557031,NA,395346,-0.526691198348999,0.272466063499451,-0.424278557300568,408992,1.0345166006485458
BLZ,2022,Belize,Latin America and Caribbean,7068.21728043145,NA,402733,-0.356684654951096,0.564006090164185,-0.438766330480576,486213.2,1.2072842304951419
BLZ,2023,Belize,Latin America and Caribbean,7424.75821321022,NA,411106,-0.376311779022217,0.58532577753067,-0.430582851171494,6450193.200000001,15.689854198187332
BLZ,2024,Belize,Latin America and Caribbean,7681.24400583113,NA,417072,NA,NA,NA,NA,NA
BRA,2010,Brazil,Latin America and Caribbean,NA,NA,NA,-0.0868625491857529,0.0134759107604623,0.246619865298271,438522576.59999996,NA
BRA,2011,Brazil,Latin America and Caribbean,NA,NA,NA,-0.152404069900513,-0.132575422525406,0.25802206993103,501562473.4,NA
BRA,2012,Brazil,Latin America and Caribbean,12521.7238454434,14.3324110911528,196876111,-0.16054867208004,0.0459616407752037,0.173244088888168,175664500.20000002,0.892259092826148
BRA,2013,Brazil,Latin America and Caribbean,12458.8903396625,14.1253057439527,198478299,-0.119030974805355,-0.258553296327591,0.146290123462677,90095997.20000002,0.4539337431544595
BRA,2014,Brazil,Latin America and Caribbean,12274.9941630213,13.4900745186687,200085127,-0.175920635461807,-0.070290133357048007,-0.0282199531793594,97411060.00000001,0.48684808041729166
BRA,2015,Brazil,Latin America and Caribbean,8936.1955889444,13.6296293653745,201675532,-0.255271553993225,-0.331864446401596,-0.181910037994385,160104439.39999998,0.7938714122246618
BRA,2016,Brazil,Latin America and Caribbean,8836.28546025694,13.710430980954,203218114,-0.249387070536613,-0.381035059690475,-0.189951747655869,117097924.8,0.5762179487602173
BRA,2017,Brazil,Latin America and Caribbean,10080.5078722821,13.6052285153591,204703445,-0.317140609025955,-0.479947566986084,-0.130978867411613,157185591,0.7678697884151388
BRA,2018,Brazil,Latin America and Caribbean,9300.66072904004,13.9401079934694,206107261,-0.520569622516632,-0.459598511457443,-0.293125450611115,106102457.80000001,0.5147924303355815
BRA,2019,Brazil,Latin America and Caribbean,9029.83304401079,13.737694839557,207455459,-0.234114676713943,-0.714224636554718,-0.121404096484184,89530611.6,0.43156546485479563
BRA,2020,Brazil,Latin America and Caribbean,7074.19407495707,12.7193878562394,208660842,-0.465709209442139,-0.44689092040062,-0.111011527478695,118286603.4,0.566884530256041
BRA,2021,Brazil,Latin America and Caribbean,7972.53696080695,14.136675133405,209550294,-0.492990374565125,-0.419879764318466,-0.121613994240761,69814417.6,0.333163062037985
BRA,2022,Brazil,Latin America and Caribbean,9281.33282136864,14.725847914016,210306415,-0.588259339332581,-0.395036935806274,-0.220437631011009,187707797.4,0.8925443258590091
BRA,2023,Brazil,Latin America and Caribbean,10377.5897719195,14.0418624162203,211140729,-0.546764314174652,-0.408567786216736,-0.29647821187973,137505489.8,0.6512504264395147
BRA,2024,Brazil,Latin America and Caribbean,10310.5488778166,15.4102340842559,211998573,NA,NA,NA,NA,NA
BTN,2010,Bhutan,Asia and the Pacific,NA,NA,NA,0.609069526195526,0.742221653461456,-1.15894365310669,3539357.2,NA
BTN,2011,Bhutan,Asia and the Pacific,NA,NA,NA,0.691294491291046,0.826495349407196,-1.15420484542847,2497404.8000000003,NA
BTN,2012,Bhutan,Asia and the Pacific,2751.2128864294,13.588728073627,717279,0.542693614959717,0.776309490203857,-1.09300851821899,700402.4,0.9764713591224614
BTN,2013,Bhutan,Asia and the Pacific,2679.95217201538,13.302594743585,725273,0.420869916677475,0.784624874591827,-1.08675539493561,3666498.6000000006,5.055335852844378
BTN,2014,Bhutan,Asia and the Pacific,2849.49998647303,12.5052991179472,733139,0.293826997280121,1.06803858280182,-1.01474559307098,675005.6000000001,0.9207061689529544
BTN,2015,Bhutan,Asia and the Pacific,2954.04081911097,12.1453454217218,740618,0.420701026916504,0.960772633552551,-0.73503041267395,76606.20000000001,0.10343550926388505
BTN,2016,Bhutan,Asia and the Pacific,3152.30905106786,11.8864300663326,747866,0.498982816934586,1.1060882806778,-0.691017687320709,28565530.8,38.19605490823223
BTN,2017,Bhutan,Asia and the Pacific,3435.28804735662,11.8591944993995,754335,0.562770962715149,1.1027946472168,-0.341520547866821,419676,0.5563522837996381
BTN,2018,Bhutan,Asia and the Pacific,3400.20417245342,15.8040236380698,759759,0.284297674894333,1.07766103744507,-0.376959830522537,818421.8,1.0772123791886639
BTN,2019,Bhutan,Asia and the Pacific,3576.87987100503,14.4975527173232,764824,0.253064602613449,1.06547141075134,-0.359623849391937,1282655,1.6770590358043158
BTN,2020,Bhutan,Asia and the Pacific,3191.66906999331,12.2846363802964,770006,0.305567264556885,1.01348912715912,-0.330750852823257,11150833.6,14.481489235148816
BTN,2021,Bhutan,Asia and the Pacific,3570.61257980872,NA,775442,0.710913896560669,0.797255098819733,-0.405656158924103,12403322.600000001,15.995164822127252
BTN,2022,Bhutan,Asia and the Pacific,3711.32767981591,NA,780914,0.56129378080368,1.00934255123138,-0.381970435380936,607570,0.778024212653378
BTN,2023,Bhutan,Asia and the Pacific,3831.32535494609,NA,786385,0.566305339336395,0.982800424098969,-0.401030838489532,746773,0.9496277268767843
BTN,2024,Bhutan,Asia and the Pacific,NA,NA,791524,NA,NA,NA,NA,NA
BWA,2010,Botswana,Africa,NA,NA,NA,0.388349592685699,0.991209805011749,0.578393816947937,135565,NA
BWA,2011,Botswana,Africa,NA,NA,NA,0.411628901958466,1.06444656848907,0.576675236225128,474419.4,NA
BWA,2012,Botswana,Africa,6595.53845015424,28.0365776616041,2108617,0.422315120697021,1.10404145717621,0.692556440830231,703118.8,0.3334502187926969
BWA,2013,Botswana,Africa,6666.91219583487,26.7403906303594,2140682,0.378747165203094,1.10234701633453,0.635518550872803,875476.8,0.4089709728021257
BWA,2014,Botswana,Africa,7122.36423421503,27.0928299660417,2172044,0.298254311084747,1.01184713840485,0.764807999134064,2094737.2,0.9644082716556386
BWA,2015,Botswana,Africa,6141.20394726616,26.3110988512498,2203273,0.451487898826599,1.03136825561523,0.552077174186707,1830288,0.8307132162015329
BWA,2016,Botswana,Africa,6749.05994339013,21.6300553227647,2234776,0.497389316558838,0.979198038578033,0.727797985076904,6390503,2.859572055543822
BWA,2017,Botswana,Africa,7104.96401088027,23.9334963141963,2266747,0.367126554250717,1.00929582118988,0.595029830932617,6951473.2,3.0667177236806755
BWA,2018,Botswana,Africa,7407.95940141786,21.740494569157,2299141,0.254543900489807,0.958469867706299,0.623929619789124,4486104.4,1.9512089080226052
BWA,2019,Botswana,Africa,7172.08956480028,21.0985509979513,2332083,0.375831961631775,1.09532988071442,0.498032212257385,4353829,1.866927120518438
BWA,2020,Botswana,Africa,6323.2974967659,22.2747050330683,2365894,0.167879268527031,1.01316809654236,0.527586281299591,1504762,0.6360225775119257
BWA,2021,Botswana,Africa,7807.88794570471,22.2304202220167,2401441,0.323696464300156,1.04140710830688,0.600826501846313,4320375.2,1.7990761380354545
BWA,2022,Botswana,Africa,8328.7090572666,19.6495295038272,2439892,0.439493864774704,1.0739837884903,0.621043562889099,2044299.4000000001,0.8378647087657979
BWA,2023,Botswana,Africa,7826.35376483298,18.7133278342197,2480244,0.430828422307968,1.03843998908997,0.497434794902802,2493168.6,1.0052110195609787
BWA,2024,Botswana,Africa,7695.75319445165,22.4882379320016,2521139,NA,NA,NA,NA,NA
COL,2010,Colombia,Latin America and Caribbean,NA,NA,NA,-0.123824141919613,-1.53718483448029,0.157253935933113,25691482.8,NA
COL,2011,Colombia,Latin America and Caribbean,NA,NA,NA,-0.0504269637167454,-1.28465557098389,0.279601454734802,12966566.8,NA
COL,2012,Colombia,Latin America and Caribbean,8108.59838244229,13.2269907142761,45715810,-0.00116499257273972,-1.40181040763855,0.326594680547714,68153091.20000002,1.4907991611654703
COL,2013,Colombia,Latin America and Caribbean,8279.10255642981,14.0221143464507,46151584,0.0531518310308456,-1.29197180271149,0.339824229478836,71118764.19999999,1.5409820863353247
COL,2014,Colombia,Latin America and Caribbean,8187.20824890084,15.6997483690587,46565429,-0.135854035615921,-1.11459410190582,0.444412022829056,70171511.00000001,1.5069443685357224
COL,2015,Colombia,Latin America and Caribbean,6248.51490534512,15.7972626545312,46969940,-0.0937390848994255,-1.0726637840271,0.407719731330872,563974394.6,12.007134661019368
COL,2016,Colombia,Latin America and Caribbean,5959.84250367574,14.3852129240943,47437512,-0.03696658462286,-0.887163996696472,0.339025348424911,243705615.2,5.137402973410579
COL,2017,Colombia,Latin America and Caribbean,6479.53231292429,14.8508184070981,48131078,-0.140821367502213,-0.779457807540894,0.257446646690369,302758379.8000001,6.290288777658379
COL,2018,Colombia,Latin America and Caribbean,6816.96818309544,14.6098424464284,49024465,-0.139370113611221,-0.806941986083984,0.224889174103737,275292440.6,5.615409379786195
COL,2019,Colombia,Latin America and Caribbean,6472.54544924705,14.9005246267221,49907985,0.0327151045203209,-0.979486107826233,0.317910939455032,65255703.59999999,1.3075203016110546
COL,2020,Colombia,Latin America and Caribbean,5339.68711357943,14.0452385597579,50629997,0.00847531855106354,-0.701150059700012,0.225666418671608,346176325.8,6.837375988783883
COL,2021,Colombia,Latin America and Caribbean,6222.62164397614,14.4462991915374,51188173,-0.0478276498615742,-0.954574346542358,0.20214469730854,494347569.4000001,9.657456799640029
COL,2022,Colombia,Latin America and Caribbean,6680.44506854481,15.2632926851651,51737944,0.01379637978971,-0.62995833158493,0.140449166297913,204735331.8,3.95716018015714
COL,2023,Colombia,Latin America and Caribbean,7000.83660501046,17.5622334373789,52321152,-0.075877919793129,-0.717313230037689,0.101034268736839,300582875,5.744959036834663
COL,2024,Colombia,Latin America and Caribbean,7919.20886825345,15.2812370381266,52886363,NA,NA,NA,212464.8,0.004017383460458417
CRI,2010,Costa Rica,Latin America and Caribbean,NA,NA,NA,0.298928886651993,0.691537201404572,0.586027026176453,24651961.2,NA
CRI,2011,Costa Rica,Latin America and Caribbean,NA,NA,NA,0.283398628234863,0.508276045322418,0.596260905265808,2368899.6,NA
CRI,2012,Costa Rica,Latin America and Caribbean,10126.9991024177,13.1052960652648,4663934,0.47439906001091,0.638402462005615,0.743631064891815,1211658,0.25979312743276384
CRI,2013,Costa Rica,Latin America and Caribbean,10803.2401962173,13.416824749449,4716147,0.455911159515381,0.677918016910553,0.747273743152618,2936511.8000000003,0.62265060864303
CRI,2014,Costa Rica,Latin America and Caribbean,10911.497878334,13.0455889610236,4767119,0.362441927194595,0.577418208122253,0.656426250934601,9990617.2,2.0957348033476824
CRI,2015,Costa Rica,Latin America and Caribbean,11714.7105980732,13.2539942158309,4818038,0.306554466485977,0.669974029064178,0.664466142654419,1802394.4,0.37409302292759
CRI,2016,Costa Rica,Latin America and Caribbean,12091.0301606154,13.5108543364627,4866998,0.28387451171875,0.648553013801575,0.52647954225540206,1916076.4,0.39368752565749976
CRI,2017,Costa Rica,Latin America and Caribbean,12317.0902771304,13.2441025558449,4913177,0.222521707415581,0.597007215023041,0.43350425362587,1394237,0.2837750400606369
CRI,2018,Costa Rica,Latin America and Caribbean,12590.2493781614,13.1821486861854,4957818,0.352706402540207,0.453386008739471,0.476172715425491,3233183.6,0.6521384205713078
CRI,2019,Costa Rica,Latin America and Caribbean,12884.6859951989,13.3201329233421,4999553,0.347661405801773,0.430319964885712,0.544661998748779,1224863,0.24499450250852425
CRI,2020,Costa Rica,Latin America and Caribbean,12394.0493969492,12.2380289914727,5034320,0.196500390768051,0.746818065643311,0.477579593658447,1383743.8,0.2748621065009773
CRI,2021,Costa Rica,Latin America and Caribbean,12838.1185358931,14.040585857592,5059988,0.222867384552956,0.860422551631927,0.438738018274307,79855869,15.781829719754276
CRI,2022,Costa Rica,Latin America and Caribbean,13625.9008491328,14.3541941212592,5081765,0.0526026673614979,0.956596434116364,0.567061722278595,99472498,19.574399445861822
CRI,2023,Costa Rica,Latin America and Caribbean,16942.0268119375,13.9115296586432,5105525,0.260196477174759,0.984186828136444,0.543547570705414,5133289,1.0054380303690609
CRI,2024,Costa Rica,Latin America and Caribbean,18587.1532203482,NA,5129910,NA,NA,NA,NA,NA
CUB,2010,Cuba,Latin America and Caribbean,NA,NA,NA,-0.334806829690933,0.349292427301407,-1.67191302776337,1971200.8,NA
CUB,2011,Cuba,Latin America and Caribbean,NA,NA,NA,-0.34895133972168,0.280382126569748,-1.62694549560547,4953114.000000001,NA
CUB,2012,Cuba,Latin America and Caribbean,6470.83673392653,NA,11303175,-0.376645594835281,0.307248294353485,-1.56115961074829,4667917.8,0.41297403605624083
CUB,2013,Cuba,Latin America and Caribbean,6828.36428245396,NA,11298167,-0.410627126693726,0.370564639568329,-1.58073723316193,2548259.6000000006,0.2255462855169339
CUB,2014,Cuba,Latin America and Caribbean,7146.70459051328,NA,11285775,-0.0352033153176308,0.544822037220001,-1.32481598854065,1008406.2000000001,0.08935196741030191
CUB,2015,Cuba,Latin America and Caribbean,7727.91997207998,NA,11275065,0.00275490968488157,0.634750008583069,-1.24927258491516,1181457.3999999997,0.10478497463207526
CUB,2016,Cuba,Latin America and Caribbean,8110.55874283616,NA,11265612,-0.124649152159691,0.6731316447258,-1.35518074035645,4233072.8,0.37575169462608865
CUB,2017,Cuba,Latin America and Caribbean,8610.60829605429,NA,11247829,-0.198632568120956,0.638511061668396,-1.35148084163666,3630559.4,0.3227786802235347
CUB,2018,Cuba,Latin America and Caribbean,8911.46205998726,NA,11227118,-0.250103235244751,0.640602827072144,-1.47934222221375,17474741.4,1.556476149979006
CUB,2019,Cuba,Latin America and Caribbean,9232.26115935183,NA,11202846,-0.17787978053093,0.610500574111938,-1.50501537322998,3673153.0000000005,0.3278767734556023
CUB,2020,Cuba,Latin America and Caribbean,9605.27914559614,NA,11176354,-0.203988671302795,0.596146762371063,-1.53046345710754,7744375.8,0.6929250630393418
CUB,2021,Cuba,Latin America and Caribbean,NA,NA,11122168,-0.249761372804642,0.392796009778976,-1.4544278383255,44314080.6,3.984302395000687
CUB,2022,Cuba,Latin America and Caribbean,NA,NA,11059820,-0.350906133651733,0.491417795419693,-1.38185942173004,3392072.3999999994,0.30670231522755337
CUB,2023,Cuba,Latin America and Caribbean,NA,NA,11019931,-0.475527822971344,0.384215950965881,-1.50136196613312,15022086,1.363174234031048
CUB,2024,Cuba,Latin America and Caribbean,NA,NA,10979783,NA,NA,NA,NA,NA
ECU,2010,Ecuador,Latin America and Caribbean,NA,NA,NA,-0.674511253833771,-0.586674451828003,-1.12405169010162,47252881.6,NA
ECU,2011,Ecuador,Latin America and Caribbean,NA,NA,NA,-0.527820348739624,-0.686557531356812,-0.956343531608582,26959485.2,NA
ECU,2012,Ecuador,Latin America and Caribbean,5634.08393191094,NA,15572194,-0.474284678697586,-0.570306479930878,-0.943592429161072,13274345.4,0.8524389947877609
ECU,2013,Ecuador,Latin America and Caribbean,6109.29031510341,14.1232339115654,15807128,-0.448586314916611,-0.178656712174416,-0.837611019611359,32682704.2,2.067592810028488
ECU,2014,Ecuador,Latin America and Caribbean,6405.79979300441,14.0206757263498,16035124,-0.38555422425270103,-0.0185332093387842,-0.920283794403076,60634807.400000006,3.7813744003476373
ECU,2015,Ecuador,Latin America and Caribbean,5976.1596805651,16.3890534817574,16266225,-0.394527703523636,-0.147344976663589,-1.14157736301422,51769072.20000001,3.1826113434432397
ECU,2016,Ecuador,Latin America and Caribbean,5917.63771271481,14.5417706423945,16505139,-0.383570671081543,-0.0917104333639145,-0.958474397659302,24717456,1.4975612141164034
ECU,2017,Ecuador,Latin America and Caribbean,6233.32244797718,13.6893043161774,16759519,-0.352247714996338,-0.0789320766925812,-1.02358734607697,56501325.8,3.3712975772156706
ECU,2018,Ecuador,Latin America and Caribbean,6303.91886658338,14.2925485667842,17049547,-0.317793667316437,-0.0947211682796478,-0.886888802051544,59599090.6,3.4956407111578978
ECU,2019,Ecuador,Latin America and Caribbean,6205.05765246766,13.400889588379,17340021,-0.367696136236191,-0.238217756152153,-0.796693980693817,14647464,0.8447200842490329
ECU,2020,Ecuador,Latin America and Caribbean,5463.64515348598,12.9414345871949,17546065,-0.470506340265274,-0.270243227481842,-0.871133387088776,10817412.200000001,0.6165149963823798
ECU,2021,Ecuador,Latin America and Caribbean,6061.32350181711,12.735868402819,17682454,-0.241593524813652,-0.25738736987114,-0.719614744186401,57207597.6,3.2352747870855483
ECU,2022,Ecuador,Latin America and Caribbean,6515.58528418336,13.0891981797338,17823897,-0.309278339147568,-0.37122431397438,-0.45972153544426,167661077.8,9.406533139189483
ECU,2023,Ecuador,Latin America and Caribbean,6737.84748379638,NA,17980083,-0.494244992733002,-0.338139981031418,-0.718200981616974,21271261,1.1830457623582717
ECU,2024,Ecuador,Latin America and Caribbean,6874.705739766,NA,18135478,NA,NA,NA,NA,NA
FJI,2010,Fiji,Asia and the Pacific,NA,NA,NA,-0.915295720100403,-0.190827518701553,-0.564225971698761,359665.4,NA
FJI,2011,Fiji,Asia and the Pacific,NA,NA,NA,-0.898599445819855,-0.0712881982326508,-0.451289445161819,615723.6000000001,NA
FJI,2012,Fiji,Asia and the Pacific,4341.40338748749,22.8925761402836,914918,-1.04902374744415,-0.0677748322486877,-0.587406158447266,1237052.8,1.3520914442605787
FJI,2013,Fiji,Asia and the Pacific,4572.44377544245,23.4756627490463,916352,-1.02984869480133,-0.0510276891291142,-0.525646507740021,1356933.2,1.480799081575639
FJI,2014,Fiji,Asia and the Pacific,5293.35676680464,23.9766794213578,917585,-0.400987982749939,0.553164601325989,-0.256007999181747,716265.6000000001,0.7805986366385677
FJI,2015,Fiji,Asia and the Pacific,5097.53106864695,24.8700529864748,918578,-0.334282904863358,0.569660663604736,-0.235928744077682,1732339.4,1.8858925426038942
FJI,2016,Fiji,Asia and the Pacific,5363.79026679243,23.5346235455103,919166,-0.280381351709366,0.897029459476471,-0.228087186813354,634744,0.6905651427489703
FJI,2017,Fiji,Asia and the Pacific,5826.84814459328,24.6699420718659,918759,0.237182199954987,0.585380256175995,0.0646388009190559,2585908,2.8145661702361555
FJI,2018,Fiji,Asia and the Pacific,6085.41979485376,23.9933534156946,917180,0.7747842669487,0.832882523536682,0.0395447723567486,1719903.4,1.875208137988181
FJI,2019,Fiji,Asia and the Pacific,5842.07344577597,23.2487168120134,914899,0.762365400791168,0.779334902763367,0.0334556773304939,1598456.2000000002,1.7471395203186364
FJI,2020,Fiji,Asia and the Pacific,4620.6457238014,18.0169143972691,914963,0.590555310249329,0.662797212600708,-0.102151036262512,1313591.2000000002,1.4356768525066044
FJI,2021,Fiji,Asia and the Pacific,4536.73312110335,16.4195674853394,916711,0.660467982292175,0.72510689496994,-0.00529439095407724,5538866.000000001,6.042107054458822
FJI,2022,Fiji,Asia and the Pacific,5414.12092119088,18.4958647782959,919422,0.593959331512451,0.748508632183075,-0.0602172017097473,2376321.0000000005,2.5845814000535126
FJI,2023,Fiji,Asia and the Pacific,5926.20586394763,20.5379880712802,924145,0.490778684616089,0.744343459606171,-0.0902230963110924,10433562.2,11.289962289467562
FJI,2024,Fiji,Asia and the Pacific,6425.74151715712,NA,928784,NA,NA,NA,NA,NA
GEO,2010,Georgia,Europe and Central Asia,NA,NA,NA,0.327387809753418,-0.718320906162262,0.586639821529388,5316139.600000001,NA
GEO,2011,Georgia,Europe and Central Asia,NA,NA,NA,0.578812718391418,-0.65695196390152,0.651625037193298,13554825.6,NA
GEO,2012,Georgia,Europe and Central Asia,4530.69533409431,23.0885041402301,3728874,0.63056617975235,-0.680453956127167,0.664130926132202,26727673.8,7.1677599725815355
GEO,2013,Georgia,Europe and Central Asia,4712.00229382665,22.0625986684055,3717668,0.606947124004364,-0.441366165876389,0.72580498456955,9036663.4,2.4307343743443472
GEO,2014,Georgia,Europe and Central Asia,4830.33486170249,22.0531492339701,3719414,0.424183517694473,-0.321507543325424,0.760027527809143,10566238.600000001,2.840834228187559
GEO,2015,Georgia,Europe and Central Asia,4086.6223465965,22.3477480606692,3725276,0.263111501932144,-0.472153753042221,0.750866293907166,39579969.6,10.624707967946536
GEO,2016,Georgia,Europe and Central Asia,4143.40125686315,23.0424315377671,3727505,0.420896291732788,-0.320115089416504,0.861489713191986,43332212.4,11.62499108653107
GEO,2017,Georgia,Europe and Central Asia,4418.75206546679,23.0135462022254,3728004,0.481504321098328,-0.375214755535126,0.949060201644897,1041146.4,0.2792771681575449
GEO,2018,Georgia,Europe and Central Asia,4804.0546040444,22.0478688235553,3726549,0.518133521080017,-0.447562873363495,1.03199064731598,4769761.4,1.2799406099316017
GEO,2019,Georgia,Europe and Central Asia,4741.2832715876,22.8972770783896,3720161,0.766199469566345,-0.498171955347061,1.02652418613434,57399745.00000001,15.429371201945294
GEO,2020,Georgia,Europe and Central Asia,4300.85701291207,21.1807829038543,3722716,0.716738402843475,-0.429610639810562,1.00116765499115,2617496,0.703114607721889
GEO,2021,Georgia,Europe and Central Asia,5083.60695484577,21.4728937487649,3708610,0.616529405117035,-0.429620236158371,1.0534195899963399,53417113.800000004,14.40354035609029
GEO,2022,Georgia,Europe and Central Asia,6729.84659930283,22.9022783420258,3712502,0.650143086910248,-0.43653005361557,1.0323086977005,18836491.200000003,5.073799610074285
GEO,2023,Georgia,Europe and Central Asia,8283.66960652261,23.5992189173728,3715483,0.791285872459412,-0.335554122924805,0.946578145027161,2813760.4000000004,0.7573067620010643
GEO,2024,Georgia,Europe and Central Asia,9241.49122313713,24.2581681897327,3699557,NA,NA,NA,NA,NA
GTM,2010,Guatemala,Latin America and Caribbean,NA,NA,NA,-0.720754623413086,-0.852924466133118,-0.172244891524315,6347075.6,NA
GTM,2011,Guatemala,Latin America and Caribbean,NA,NA,NA,-0.724510610103607,-0.744141399860382,-0.211610183119774,13827411.6,NA
GTM,2012,Guatemala,Latin America and Caribbean,3286.61959336267,11.0095522577245,15089647,-0.787666738033295,-0.633820176124573,-0.263000935316086,13527658.799999999,0.8964861007020243
GTM,2013,Guatemala,Latin America and Caribbean,3444.15802275864,11.1022993574743,15387337,-0.727540254592896,-0.674156248569489,-0.287112712860107,34596282.2,2.2483605967686286
GTM,2014,Guatemala,Latin America and Caribbean,3689.14510410202,10.7778148103957,15681725,-0.762856304645538,-0.655563533306122,-0.284290075302124,37883989.2,2.4158049704353317
GTM,2015,Guatemala,Latin America and Caribbean,3893.50533299068,10.3582512654041,15971743,-0.769879937171936,-0.654437899589539,-0.325637251138687,27236009.2,1.7052621745791927
GTM,2016,Guatemala,Latin America and Caribbean,4060.13784737643,10.4215141317608,16268760,-0.654102444648743,-0.54500371217727706,-0.299814790487289,35682007,2.193283753648096
GTM,2017,Guatemala,Latin America and Caribbean,4324.99768915601,10.6355700138883,16567357,-0.692473888397217,-0.651365458965302,-0.369947046041489,18392515.4,1.1101659365461853
GTM,2018,Guatemala,Latin America and Caribbean,4352.94593289707,10.5609513473985,16845685,-0.717763662338257,-0.538147449493408,-0.291999518871307,22059878,1.3095269203953417
GTM,2019,Guatemala,Latin America and Caribbean,4511.99839552697,10.4353893768797,17103803,-0.726514339447021,-0.577340841293335,-0.335179150104523,13360519.6,0.7811432112495683
GTM,2020,Guatemala,Latin America and Caribbean,4477.61785000665,9.95508945163219,17357325,-0.713372230529785,-0.415829300880432,-0.270502895116806,28315270,1.6313153092426396
GTM,2021,Guatemala,Latin America and Caribbean,4912.62240414681,11.5588951013521,17598650,-0.782863199710846,-0.395517915487289,-0.327891737222672,28548293.400000002,1.6221865540822735
GTM,2022,Guatemala,Latin America and Caribbean,5358.70156997677,11.8188537119783,17847877,-0.907798588275909,-0.262850880622864,-0.291810005903244,57480418.00000001,3.2205745254743747
GTM,2023,Guatemala,Latin America and Caribbean,5758.32760847852,11.5678620103716,18124838,-0.897167265415192,-0.244364932179451,-0.290354937314987,24092913.8,1.3292760906331964
GTM,2024,Guatemala,Latin America and Caribbean,6150.02571438505,NA,18406359,NA,NA,NA,NA,NA
IDN,2010,Indonesia,Asia and the Pacific,NA,NA,NA,-0.266941010951996,-0.853916168212891,-0.380860596895218,152347313.8,NA
IDN,2011,Indonesia,Asia and the Pacific,NA,NA,NA,-0.321591943502426,-0.770114183425903,-0.310188621282578,111065831.6,NA
IDN,2012,Indonesia,Asia and the Pacific,3632.27254030331,NA,252698525,-0.330479681491852,-0.593262791633606,-0.221852913498878,106172291.80000001,0.42015398309111623
IDN,2013,Indonesia,Asia and the Pacific,3566.60284506078,NA,255852467,-0.244262352585793,-0.51926463842392,-0.123265877366066,126324172,0.4937383386653059
IDN,2014,Indonesia,Asia and the Pacific,3441.06808464008,NA,258877399,-0.0666907653212547,-0.416824042797089,-0.00835875049233437,201423014,0.7780633410952958
IDN,2015,Indonesia,Asia and the Pacific,3288.22269725538,NA,261799249,-0.325818121433258,-0.619956314563751,-0.158227473497391,108593823.8,0.4147980722435151
IDN,2016,Indonesia,Asia and the Pacific,3521.46943457574,NA,264627418,-0.0507822521030903,-0.379699736833572,-0.0313757993280888,165859038,0.6267643740528807
IDN,2017,Indonesia,Asia and the Pacific,3798.88326174526,NA,267346658,-0.0197342690080404,-0.504938721656799,0.0279275011271238,136200276.60000002,0.5094519513312937
IDN,2018,Indonesia,Asia and the Pacific,3860.95353090726,NA,269951846,0.141379877924919,-0.552034020423889,-0.0218164678663015,112284520.60000001,0.4159427774389067
IDN,2019,Indonesia,Asia and the Pacific,4106.94856160358,NA,272489381,0.138700008392334,-0.502143025398254,0.0289513897150755,161710081.6,0.5934546183287781
IDN,2020,Indonesia,Asia and the Pacific,3853.70288774146,NA,274814866,0.31706503033638,-0.462311387062073,0.216156706213951,95703901.00000001,0.34824863149870505
IDN,2021,Indonesia,Asia and the Pacific,4287.17313995098,NA,276758053,0.346443444490433,-0.531449198722839,0.287561029195786,125172276.6,0.452280521716201
IDN,2022,Indonesia,Asia and the Pacific,4730.83484836107,NA,278830529,0.436147511005402,-0.553894221782684,0.205959960818291,110232288.60000001,0.3953379459391981
IDN,2023,Indonesia,Asia and the Pacific,4876.30774512252,NA,281190067,0.58032637834549,-0.404375314712524,0.301378756761551,161091057.59999996,0.5728902849189191
IDN,2024,Indonesia,Asia and the Pacific,4925.43048751861,NA,283487931,NA,NA,NA,NA,NA
IND,2010,India,Asia and the Pacific,NA,NA,NA,0.0316559858620167,-1.27798449993134,-0.41047203540802,80731022.60000001,NA
IND,2011,India,Asia and the Pacific,NA,NA,NA,0.0225540697574615,-1.32679533958435,-0.363154947757721,477099414.79999995,NA
IND,2012,India,Asia and the Pacific,1429.32199520032,10.8367717209692,1278674502,-0.15608711540699,-1.28930985927582,-0.480885624885559,113477545.80000001,0.08874623340225174
IND,2013,India,Asia and the Pacific,1432.84397512195,11.0016256942917,1295829511,-0.157355144619942,-1.22917413711548,-0.478094786405563,20933751,0.016154710802847274
IND,2014,India,Asia and the Pacific,1553.88396075118,9.98465419071312,1312277191,-0.222846582531929,-0.997911989688873,-0.47507643699646,282676859.4,0.2154094129949714
IND,2015,India,Asia and the Pacific,1583.99815907985,10.5697090519718,1328024498,0.0800815001130104,-0.954773545265198,-0.4249567091465,191623890.8,0.14429243668967318
IND,2016,India,Asia and the Pacific,1707.50892912243,11.1477384183764,1343944296,0.0613894164562225,-0.960426509380341,-0.31153193116188,169291286.79999998,0.125965999709857
IND,2017,India,Asia and the Pacific,1950.10468280866,11.3874439798131,1359657400,0.0410966314375401,-0.774099111557007,-0.256661295890808,325967998.2,0.23974274563577558
IND,2018,India,Asia and the Pacific,1966.25455171679,12.0174277483166,1374659064,0.262917786836624,-0.997706770896912,-0.225996732711792,251550148.8,0.1829909359983677
IND,2019,India,Asia and the Pacific,2041.42863698585,NA,1389030312,0.130771830677986,-0.796846985816956,-0.150565445423126,143945440.6,0.10363016512774273
IND,2020,India,Asia and the Pacific,1907.04251637669,NA,1402617695,0.374532461166382,-0.841419219970703,-0.128488674759865,246794368.6,0.1759526986432322
IND,2021,India,Asia and the Pacific,2239.61384367482,NA,1414203896,0.249238416552544,-0.691076755523682,-0.0908545926213264,32067137.400000002,0.02267504529629722
IND,2022,India,Asia and the Pacific,2347.44829434623,6.73444285965496,1425423212,0.369541674852371,-0.615027368068695,-0.0504464171826839,332048339.40000004,0.2329471953344338
IND,2023,India,Asia and the Pacific,2530.12031278204,NA,1438069596,0.47511014342308,-0.635076940059662,-0.136969581246376,236985046.4,0.16479386467746449
IND,2024,India,Asia and the Pacific,2694.73780859961,NA,1450935791,NA,NA,NA,NA,NA
KAZ,2010,Kazakhstan,Europe and Central Asia,NA,NA,NA,-0.492905259132385,0.52297180891037,-0.283094167709351,1015085.3999999999,NA
KAZ,2011,Kazakhstan,Europe and Central Asia,NA,NA,NA,-0.511159062385559,-0.338570564985275,-0.235385775566101,118583.8,NA
KAZ,2012,Kazakhstan,Europe and Central Asia,12018.7966527993,13.3120981512973,17306106,-0.525388717651367,-0.408455014228821,-0.390580028295517,552888.2,0.031947579657723116
KAZ,2013,Kazakhstan,Europe and Central Asia,13478.459627612,16.0301777644528,17556502,-0.620734989643097,-0.402473896741867,-0.375282853841782,5826597.600000001,0.3318769080537798
KAZ,2014,Kazakhstan,Europe and Central Asia,12427.7094576939,14.1934327407655,17816285,-0.0820106193423271,0.0360181555151939,-0.239125564694405,152631.40000000002,0.00856695994703722
KAZ,2015,Kazakhstan,Europe and Central Asia,10196.1226255982,9.83571155339342,18084169,-0.146881282329559,-0.0383530743420124,-0.0906946510076523,11369.2,6.286824680747012e-4
KAZ,2016,Kazakhstan,Europe and Central Asia,7475.56688689424,9.92425019613103,18363600,-0.142129123210907,0.00146297342143953,-0.161230459809303,1273583.8,0.06935371060140713
KAZ,2017,Kazakhstan,Europe and Central Asia,8943.08416791984,10.3030113754982,18651931,-0.065825566649437,0.0243496801704168,0.154857650399208,1405464.4000000001,0.07535221956375455
KAZ,2018,Kazakhstan,Europe and Central Asia,9472.48527327758,11.7177995870574,18932727,-0.0420836359262466,-0.0524022579193115,0.0946238711476326,1190311.2000000002,0.06287056270340771
KAZ,2019,Kazakhstan,Europe and Central Asia,9457.12614657136,11.7869427411893,19209555,0.068847119808197,-0.168037340044975,0.107311986386776,914526.2,0.04760788055735804
KAZ,2020,Kazakhstan,Europe and Central Asia,8781.50797787648,8.318809313869,19482117,0.105691097676754,-0.257566839456558,0.10614655166864401,152406.80000000002,0.007822907541310835
KAZ,2021,Kazakhstan,Europe and Central Asia,9983.60103576902,9.44711136309549,19743603,0.0297293178737164,-0.232230722904205,0.077017717063427,511804.60000000003,0.02592255324420776
KAZ,2022,Kazakhstan,Europe and Central Asia,11255.3396437881,12.0616921084291,20034609,0.142756044864655,-0.4683538377285,-0.0112340543419123,699216.7999999999,0.034900446522315456
KAZ,2023,Kazakhstan,Europe and Central Asia,12879.4275257974,11.892477417904,20330104,0.146814674139023,-0.27334600687027,0.0659545287489891,635741.4,0.03127093693175401
KAZ,2024,Kazakhstan,Europe and Central Asia,14154.6324958076,NA,20592571,NA,NA,NA,NA,NA
KGZ,2010,Kyrgyzstan,Europe and Central Asia,NA,NA,NA,-0.656763851642609,-1.0396523475647,-0.261394619941711,1871067.6,NA
KGZ,2011,Kyrgyzstan,Europe and Central Asia,NA,NA,NA,-0.636238276958466,-1.09803068637848,-0.223706394433975,2187165.6,NA
KGZ,2012,Kyrgyzstan,Europe and Central Asia,1168.62244675446,NA,5652076,-0.64659321308136,-0.911251366138458,-0.34460785984993,1882566.4,0.333075209887482
KGZ,2013,Kyrgyzstan,Europe and Central Asia,1269.66303464348,NA,5777150,-0.649990081787109,-0.911773800849915,-0.325828105211258,2163329.2,0.37446304838891153
KGZ,2014,Kyrgyzstan,Europe and Central Asia,1264.52668823891,17.5486530868942,5905848,-0.871007263660431,-0.804615676403046,-0.450190424919128,7341883.6,1.2431548526138836
KGZ,2015,Kyrgyzstan,Europe and Central Asia,1105.65193844261,16.801668055009,6040036,-0.978849112987518,-0.882429659366608,-0.536658465862274,251089.6,0.041570878054369216
KGZ,2016,Kyrgyzstan,Europe and Central Asia,1103.27489428412,16.9491731803417,6175338,-0.965182244777679,-0.652019679546356,-0.386156380176544,795400.6,0.1288027635086533
KGZ,2017,Kyrgyzstan,Europe and Central Asia,1221.39046807082,17.0462850607483,6306696,-0.75117963552475,-0.362505912780762,-0.379888355731964,760408.2,0.12057156393775757
KGZ,2018,Kyrgyzstan,Europe and Central Asia,1283.5203037417,17.998857013595,6444079,-0.646288573741913,-0.529712080955505,-0.397319167852402,3512300.2,0.5450430076974537
KGZ,2019,Kyrgyzstan,Europe and Central Asia,1421.99927504102,15.9638338680814,6590211,-0.731618404388428,-0.26556807756424,-0.392827451229095,437104.60000000003,0.06632634372404769
KGZ,2020,Kyrgyzstan,Europe and Central Asia,1229.51766602907,14.036328193124,6726596,-0.576322257518768,-0.4557925760746,-0.450061172246933,3789957.4,0.5634287238300025
KGZ,2021,Kyrgyzstan,Europe and Central Asia,1349.99730650542,16.4912602766568,6851224,-0.776387393474579,-0.46646723151207,-0.625227749347687,314097,0.045845384707900366
KGZ,2022,Kyrgyzstan,Europe and Central Asia,1739.72018344174,19.5419794530385,6975220,-0.890511035919189,-0.471610426902771,-0.63258820772171,7316312.2,1.048900565143465
KGZ,2023,Kyrgyzstan,Europe and Central Asia,2138.2221021147798,19.6084664812218,7099750,-0.890727877616882,-0.48121976852417,-0.616720378398895,5003040.199999999,0.7046783619141518
KGZ,2024,Kyrgyzstan,Europe and Central Asia,2420.18542283831,20.3821895007982,7221868,NA,NA,NA,NA,NA
KHM,2010,Cambodia,Asia and the Pacific,NA,NA,NA,-0.96263325214386,-0.50098443031311,-0.491047918796539,33662472.6,NA
KHM,2011,Cambodia,Asia and the Pacific,NA,NA,NA,-0.872488141059875,-0.304419666528702,-0.591842174530029,14515740.600000001,NA
KHM,2012,Cambodia,Asia and the Pacific,1192.80263041673,8.73743328155956,14945085,-0.821808159351349,-0.103577204048634,-0.355143368244171,29778985.200000003,1.992560443784696
KHM,2013,Cambodia,Asia and the Pacific,1305.6600972686,9.28638425469543,15170208,-0.914554417133331,-0.136436149477959,-0.352435141801834,16148794.2,1.0645071049783892
KHM,2014,Cambodia,Asia and the Pacific,1431.56396469993,11.08378844624,15396772,-0.698889017105103,0.0231748018413782,-0.439880818128586,34784849.599999994,2.2592300256183564
KHM,2015,Cambodia,Asia and the Pacific,1547.32010444393,10.8884929321084,15623251,-0.742889702320099,0.0633481442928314,-0.549874782562256,24964070.599999998,1.5978793786261258
KHM,2016,Cambodia,Asia and the Pacific,1675.19555711109,11.1748765236774,15852803,-0.741827428340912,0.206190809607506,-0.493561118841171,11652989.2,0.7350743713903465
KHM,2017,Cambodia,Asia and the Pacific,1826.35391688754,11.9278366151763,16073372,-0.695688724517822,0.0935096517205238,-0.521751224994659,15260957.6,0.9494558826859728
KHM,2018,Cambodia,Asia and the Pacific,2036.67377566578,12.6410723071222,16274522,-0.599801898002625,0.110921673476696,-0.536904513835907,215941710.39999995,13.26869756297604
KHM,2019,Cambodia,Asia and the Pacific,2225.87705485686,14.5706459641918,16481304,-0.623299896717072,-0.0754886493086815,-0.609220564365387,15190518.4,0.92168182808836
KHM,2020,Cambodia,Asia and the Pacific,2081.73914242939,13.2902084670658,16725474,-0.450370341539383,-0.209065958857536,-0.6611088514328,17704525.799999997,1.0585365652417382
KHM,2021,Cambodia,Asia and the Pacific,2167.40324198499,11.9927698915381,16974305,-0.474705845117569,-0.131522253155708,-0.686099588871002,18458864,1.0874591919963734
KHM,2022,Cambodia,Asia and the Pacific,2325.03050040841,13.5187383949089,17201724,-0.351413905620575,-0.0980230420827866,-0.709801018238068,25500965.6,1.4824656877415312
KHM,2023,Cambodia,Asia and the Pacific,2429.74853452838,12.203542053066,17423880,-0.305874288082123,0.0444938205182552,-0.684618413448334,42731345.8,2.452458683140609
KHM,2024,Cambodia,Asia and the Pacific,2627.87969756224,NA,17638801,NA,NA,NA,NA,NA
LKA,2010,Sri Lanka,Asia and the Pacific,NA,NA,NA,-0.201909422874451,-0.94294685125351,-0.248191311955452,109989701.60000001,NA
LKA,2011,Sri Lanka,Asia and the Pacific,NA,NA,NA,-0.109467715024948,-0.724771440029144,-0.131351128220558,1628488,NA
LKA,2012,Sri Lanka,Asia and the Pacific,3327.77613691283,10.1110307052301,21169458,-0.204318970441818,-0.717079222202301,-0.125741094350815,3166128.6,0.14956115550998048
LKA,2013,Sri Lanka,Asia and the Pacific,3739.43181100202,10.1212570541042,20585000,-0.166648373007774,-0.612895429134369,-0.166235014796257,2362464.4000000004,0.11476630556230266
LKA,2014,Sri Lanka,Asia and the Pacific,3972.04375736464,9.74785981893202,20778000,0.0687629878520966,-0.330464035272598,-0.108953259885311,4377833.4,0.2106956107421311
LKA,2015,Sri Lanka,Asia and the Pacific,4057.7158346231,11.7202648601751,20970000,-0.00596386613324285,0.0831826627254486,-0.0587588995695114,33194799.8,1.5829661325703386
LKA,2016,Sri Lanka,Asia and the Pacific,4149.19190775593,11.4234897702747,21209000,-0.0275178775191307,-0.0113400500267744,-0.123026698827744,127038981.80000001,5.989861935970579
LKA,2017,Sri Lanka,Asia and the Pacific,4398.88828068715,11.6086827347314,21453000,-0.174112945795059,-0.0754480063915253,-0.162278667092323,3699874.6000000006,0.17246420547242813
LKA,2018,Sri Lanka,Asia and the Pacific,4358.56095906047,11.1537606477644,21670000,-0.25662025809288,-0.139304608106613,-0.217681854963303,12923692.599999998,0.5963863682510382
LKA,2019,Sri Lanka,Asia and the Pacific,4081.94772722003,10.9039513327855,21803000,-0.12496567517519,-0.21553660929203,-0.232445597648621,336668.60000000003,0.015441388799706465
LKA,2020,Sri Lanka,Asia and the Pacific,3847.60137695639,7.77529251770974,21919000,-0.079082652926445,-0.089128851890564,-0.225914791226387,4685482.4,0.21376351110908345
LKA,2021,Sri Lanka,Asia and the Pacific,3996.96240014909,7.36992822515173,22156000,-0.115272410213947,-0.376773029565811,-0.389435440301895,4538356.6,0.20483645964975625
LKA,2022,Sri Lanka,Asia and the Pacific,3342.63650253855,7.2772315851375,22181000,-0.391961753368378,-0.80430680513382,-0.65364283323288,8169204.600000001,0.3682973986745413
LKA,2023,Sri Lanka,Asia and the Pacific,3798.89016573011,9.92189093067548,22037000,-0.25227889418602,-0.508541285991669,-0.507761836051941,4987433.6,0.22632089667377592
LKA,2024,Sri Lanka,Asia and the Pacific,4515.56787322732,NA,21916000,NA,NA,NA,NA,NA
MDG,2010,Madagascar,Africa,NA,NA,NA,-0.995213866233826,-0.978338837623596,-0.605530261993408,3077438.8,NA
MDG,2011,Madagascar,Africa,NA,NA,NA,-1.06907939910889,-0.705585896968842,-0.55234831571579,22814865.2,NA
MDG,2012,Madagascar,Africa,493.511162904211,8.36825554307769,23462438,-1.11727750301361,-0.53613698482513406,-0.576099574565887,13781567.200000001,0.5873885399292265
MDG,2013,Madagascar,Africa,515.301589361832,8.78559177293247,24109290,-1.14748251438141,-0.659993410110474,-0.659140110015869,27362077.000000004,1.134918406970923
MDG,2014,Madagascar,Africa,505.684922503435,8.44113338214288,24764348,-1.32273769378662,-0.557235836982727,-0.716764986515045,29889741,1.2069666037644116
MDG,2015,Madagascar,Africa,445.320069480568,8.94531037344997,25426702,-1.33208250999451,-0.427762925624847,-0.809338331222534,59101047.6,2.3243693814478967
MDG,2016,Madagascar,Africa,453.970714522463,9.24485187325721,26099952,-1.22864735126495,-0.294186472892761,-0.735103726387024,23292950,0.8924518328616083
MDG,2017,Madagascar,Africa,491.866848718929,10.027544731164,26788375,-1.19451534748077,-0.302837282419205,-0.736412763595581,131584578.2,4.912002993835945
MDG,2018,Madagascar,Africa,500.45718552916,10.2831286802146,27494926,-1.21214354038239,-0.578798413276672,-0.785894691944122,73212524.6,2.662764926154011
MDG,2019,Madagascar,Africa,499.818837622534,10.5318646220852,28219554,-1.19339692592621,-0.313957303762436,-0.788889169692993,20079543.4,0.7115471562732706
MDG,2020,Madagascar,Africa,450.771615201509,9.52072872460036,28953556,-1.05303573608398,-0.509334743022919,-0.811572015285492,54860891,1.894789399961787
MDG,2021,Madagascar,Africa,483.469463351195,10.381196752261,29691083,-1.02791666984558,-0.542262673377991,-0.836634576320648,83557187.2,2.814218235151611
MDG,2022,Madagascar,Africa,503.51453347296,9.24054268135003,30437261,-0.972033023834229,-0.480796605348587,-0.815499842166901,59639985.400000006,1.959439957491576
MDG,2023,Madagascar,Africa,508.718427705591,9.61487095893803,31195932,-1.02277612686157,-0.690745651721954,-0.799546599388123,90240773.2,2.8927096391927
MDG,2024,Madagascar,Africa,544.987501003384,NA,31964956,NA,NA,NA,NA,NA
MEX,2010,Mexico,Latin America and Caribbean,NA,NA,NA,0.0962913855910301,-0.726463437080383,0.156337782740593,23044358,NA
MEX,2011,Mexico,Latin America and Caribbean,NA,NA,NA,0.25232720375061,-0.667768597602844,0.184377461671829,36368531,NA
MEX,2012,Mexico,Latin America and Caribbean,10744.1335242686,9.35241106341689,116818208,0.296199023723602,-0.662454187870026,0.418743193149567,121274516.4,1.0381473785319495
MEX,2013,Mexico,Latin America and Caribbean,11216.8008505428,9.88361012510879,118343573,0.302350997924805,-0.714223802089691,0.418155193328857,20335658.4,0.17183576500601344
MEX,2014,Mexico,Latin America and Caribbean,11391.3773497683,10.2428550413982,119784261,0.133970901370049,-0.853918790817261,0.359438210725784,22902235.200000003,0.19119569640288553
MEX,2015,Mexico,Latin America and Caribbean,10021.2386118827,12.3459757826962,121072306,0.117517560720444,-0.801780104637146,0.276325017213821,14837648.2,0.1225519583314123
MEX,2016,Mexico,Latin America and Caribbean,9097.92397674769,13.1237856088608,122251351,0.0276105776429176,-0.633718132972717,0.199013441801071,25314207.2,0.20706689122805685
MEX,2017,Mexico,Latin America and Caribbean,9649.27816772402,12.6874317266309,123400057,-0.0653025507926941,-0.806419789791107,0.182068794965744,275029833.6,2.2287658554323038
MEX,2018,Mexico,Latin America and Caribbean,10084.7937562021,12.7121572965033,124573711,-0.292850613594055,-0.673847019672394,0.0843754634261131,63938763.6,0.5132604871986193
MEX,2019,Mexico,Latin America and Caribbean,10369.555358527101,12.7877486080424,125762982,-0.306684851646423,-0.841869175434113,0.0125951962545514,19545582,0.15541601899993115
MEX,2020,Mexico,Latin America and Caribbean,8841.27075039868,13.8975134533104,126799054,-0.27033868432045,-0.791455745697021,-0.0129100447520614,22641453.6,0.1785616917930634
MEX,2021,Mexico,Latin America and Caribbean,10314.0506722115,13.4112621210704,127648148,-0.3435437977314,-0.687615871429443,-0.251374453306198,327555134.8,2.566078238753609
MEX,2022,Mexico,Latin America and Caribbean,11405.7940473759,13.4041093602603,128613117,-0.281723529100418,-0.689268112182617,-0.148309499025345,54392352.2,0.42291450101469824
MEX,2023,Mexico,Latin America and Caribbean,13860.9597809326,14.1935866614195,129739759,-0.198361441493034,-0.630761027336121,-0.171988308429718,132597987.2,1.0220304725554485
MEX,2024,Mexico,Latin America and Caribbean,14185.7812248529,NA,130861007,NA,NA,NA,NA,NA
MNG,2010,Mongolia,Asia and the Pacific,NA,NA,NA,-0.561575889587402,0.597042262554169,-0.258041173219681,5079678.4,NA
MNG,2011,Mongolia,Asia and the Pacific,NA,NA,NA,-0.575659573078156,0.606538891792297,-0.238061502575874,3744826.2,NA
MNG,2012,Mongolia,Asia and the Pacific,4328.89001905655,15.3121421817773,2839705,-0.626131415367126,0.471134811639786,-0.216407060623169,6388873,2.249836866857649
MNG,2013,Mongolia,Asia and the Pacific,4340.14310544449,15.7312080369785,2899011,-0.539035797119141,0.491320788860321,-0.332616418600082,24173285.800000004,8.338459495324441
MNG,2014,Mongolia,Asia and the Pacific,4126.23975800524,12.9016342426866,2963113,-0.426087707281113,0.791901171207428,-0.277615696191788,2882543.4,0.9728091368773314
MNG,2015,Mongolia,Asia and the Pacific,3838.92126989984,11.8941379214967,3026864,-0.448192268610001,0.711831986904144,-0.368251025676727,9903384.2,3.271829920339995
MNG,2016,Mongolia,Asia and the Pacific,3619.90026383792,11.3509934508755,3088856,-0.0960112661123276,0.787600100040436,-0.0993876680731773,4990255.800000001,1.615567640576317
MNG,2017,Mongolia,Asia and the Pacific,3645.96708669551,13.5469084479633,3148917,-0.278352558612823,0.783372223377228,-0.128521844744682,5264993.399999999,1.6720013261702356
MNG,2018,Mongolia,Asia and the Pacific,4107.64288528468,16.6885283131364,3208189,-0.246418356895447,0.83126026391983,0.00820671487599611,27051945.800000004,8.432154651736543
MNG,2019,Mongolia,Asia and the Pacific,4347.54610314873,16.8505209175799,3267673,-0.234439387917519,0.636750936508179,-0.00252702389843762,19928857.2,6.098791770167945
MNG,2020,Mongolia,Asia and the Pacific,4001.25193077703,14.1457872338315,3327204,-0.419692069292068,0.717836558818817,-0.10893253237009,4395974.600000001,1.3212218427244018
MNG,2021,Mongolia,Asia and the Pacific,4517.61578018785,16.908849519801,3383741,-0.515481352806091,0.705918788909912,-0.253772854804993,6439738.800000001,1.9031417593722453
MNG,2022,Mongolia,Asia and the Pacific,4993.51487463495,15.7742886705877,3433748,-0.424924910068512,0.529954373836517,-0.27089050412178,7942834.399999999,2.313167535882074
MNG,2023,Mongolia,Asia and the Pacific,5838.63108083902,14.2955117783966,3481145,-0.47153577208519,0.592669785022736,-0.175534680485725,19193632.8,5.51359762377034
MNG,2024,Mongolia,Asia and the Pacific,6750.6301157724,16.854871862883,3524788,NA,NA,NA,NA,NA
MOZ,2010,Mozambique,Africa,NA,NA,NA,-0.616408288478851,0.394421875476837,-0.453413218259811,42667572.2,NA
MOZ,2011,Mozambique,Africa,NA,NA,NA,-0.650063931941986,0.332048267126083,-0.473082095384598,27669413,NA
MOZ,2012,Mozambique,Africa,685.685748199513,18.6287778325246,24337846,-0.653231084346771,0.39049369096756,-0.465775460004807,36220286.800000004,1.4882289418710268
MOZ,2013,Mozambique,Africa,686.505672517351,21.5406521425782,25051611,-0.635945856571198,-0.226966470479965,-0.417519450187683,44959904.400000006,1.7946911438150626
MOZ,2014,Mozambique,Africa,697.142680444123,23.9653838768408,25788475,-0.744966745376587,-0.336002737283707,-0.435868889093399,46621122.800000004,1.8078278300675013
MOZ,2015,Mozambique,Africa,610.563774706589,20.0064845206447,26547572,-0.828703820705414,-0.516435563564301,-0.56189900636673,67418360.4,2.539530183777259
MOZ,2016,Mozambique,Africa,441.489734819071,20.0767622116195,27337105,-0.946212470531464,-1.09681463241577,-0.74905401468277,62187580,2.274841465473392
MOZ,2017,Mozambique,Africa,470.93856305196,22.1120849461182,28166393,-0.95696634054184,-0.918098509311676,-0.770824313163757,58860121.599999994,2.089728762926797
MOZ,2018,Mozambique,Africa,517.507260258101,21.1926368441561,29018644,-0.960869610309601,-0.833229660987854,-0.796630501747131,38084314,1.3124084640205793
MOZ,2019,Mozambique,Africa,519.09255091362,26.6828600594733,29884380,-0.909160733222961,-0.765720069408417,-0.780855536460876,52469801.40000001,1.7557600793457993
MOZ,2020,Mozambique,Africa,462.433876479921,21.5267029366581,30783688,-0.810174465179443,-1.28312349319458,-0.772882997989655,43475542.4,1.412291548692931
MOZ,2021,Mozambique,Africa,509.907829475551,22.7477557091156,31707800,-0.802774250507355,-1.25703620910645,-0.796027064323425,55202797,1.740984773462681
MOZ,2022,Mozambique,Africa,578.251663751351,22.6615908818801,32656246,-0.73704868555069,-1.26560831069946,-0.726218461990356,69469813,2.1273055390383817
MOZ,2023,Mozambique,Africa,622.000297682823,22.3596241293103,33635160,-0.716628909111023,-1.26869130134583,-0.708528399467468,107313912.39999999,3.1905277810481647
MOZ,2024,Mozambique,Africa,656.776824637306,21.8525035902837,34631766,NA,NA,NA,839839.6,0.024250556555504562
MYS,2010,Malaysia,Asia and the Pacific,NA,NA,NA,1.04647839069366,0.143352136015892,0.611249983310699,2934700.6,NA
MYS,2011,Malaysia,Asia and the Pacific,NA,NA,NA,0.98675674200058,0.0774097666144371,0.547134578227997,1673350,NA
MYS,2012,Malaysia,Asia and the Pacific,10600.5744240026,15.613146742555,29662831,0.906338155269623,-0.00521240243688226,0.477169960737228,4132722.6,0.13932326958273133
MYS,2013,Malaysia,Asia and the Pacific,10713.6407638899,15.310235280489,30174265,0.993431925773621,0.0517915934324265,0.567808210849762,2211360,0.07328629214332147
MYS,2014,Malaysia,Asia and the Pacific,11013.3107334403,14.8407907140268,30696137,1.14593541622162,0.266619145870209,0.799231290817261,2178026,0.0709544005488378
MYS,2015,Malaysia,Asia and the Pacific,9648.6797937523,14.0568621293393,31232798,0.91708517074585,0.25394731760025,0.704775094985962,2823599.1999999997,0.09040493906437712
MYS,2016,Malaysia,Asia and the Pacific,9476.53409809923,13.5507251724192,31789685,0.817718744277954,0.129485934972763,0.663995385169983,2283354.8,0.07182690863404277
MYS,2017,Malaysia,Asia and the Pacific,9862.54806612235,12.9459662429934,32355644,0.77773243188858,0.111209630966187,0.671388506889343,5495765.2,0.16985491619329227
MYS,2018,Malaysia,Asia and the Pacific,10901.8019954421,12.0226658619336,32910967,1.05388987064362,0.248113676905632,0.575907409191132,1494751,0.04541802129363139
MYS,2019,Malaysia,Asia and the Pacific,10920.191763972,11.9363488299638,33440596,0.967774987220764,0.14648012816906,0.547572374343872,5425563.2,0.16224481166543803
MYS,2020,Malaysia,Asia and the Pacific,9957.52626697613,10.8846712025214,33889558,1.02225887775421,0.125864699482918,0.666613459587097,468037.8,0.013810678793745259
MYS,2021,Malaysia,Asia and the Pacific,10903.1037480772,11.2160748421804,34282399,0.952433526515961,0.0595565475523472,0.714465439319611,5138516.600000001,0.14988789436818586
MYS,2022,Malaysia,Asia and the Pacific,11754.5678336248,11.6310545373191,34695493,0.992667615413666,0.163117811083794,0.644006609916687,4471474.2,0.12887766719441052
MYS,2023,Malaysia,Asia and the Pacific,11386.0395636528,12.5648395418319,35126298,0.875369668006897,0.16851469874382,0.660894274711609,3788023.4000000004,0.10784009746771495
MYS,2024,Malaysia,Asia and the Pacific,11874.4273684245,NA,35557673,NA,NA,NA,NA,NA
NPL,2010,Nepal,Asia and the Pacific,NA,NA,NA,-0.896736919879913,-1.58397114276886,-0.761707723140717,19651335.200000003,NA
NPL,2011,Nepal,Asia and the Pacific,NA,NA,NA,-0.920482873916626,-1.41644358634949,-0.734936654567719,30550796.400000002,NA
NPL,2012,Nepal,Asia and the Pacific,788.202937148377,12.040804546654,27534915,-0.989905714988708,-1.38123226165771,-0.805144667625427,6166074.600000001,0.22393657652475052
NPL,2013,Nepal,Asia and the Pacific,803.269595420477,13.297885857998,27589996,-0.933889985084534,-1.12914609909058,-0.858153939247131,27449998.200000003,0.9949257767199388
NPL,2014,Nepal,Asia and the Pacific,821.455224911731,13.9949104858592,27672370,-0.863811731338501,-0.724599540233612,-0.847787737846375,18888905.400000002,0.6825908080876341
NPL,2015,Nepal,Asia and the Pacific,875.543635474862,14.6863045675353,27823629,-1.1360867023468,-0.997430026531219,-0.831647515296936,14321812.4,0.514735601168345
NPL,2016,Nepal,Asia and the Pacific,877.256454696737,16.1437497561064,27955462,-0.893620848655701,-0.846989989280701,-0.789327502250671,27527347.400000002,0.9846858334875669
NPL,2017,Nepal,Asia and the Pacific,1034.28374906846,17.9993621205853,28011258,-0.941260457038879,-0.583756744861603,-0.739431858062744,17024352.4,0.6077682194780398
NPL,2018,Nepal,Asia and the Pacific,1179.19843190389,19.0828260572702,28079689,-0.954740226268768,-0.543022751808167,-0.775707900524139,21689469.4,0.7724255564226512
NPL,2019,Nepal,Asia and the Pacific,1203.14294706401,19.8090602391943,28414064,-1.09231221675873,-0.453659653663635,-0.735730886459351,16076093.4,0.5657794464037246
NPL,2020,Nepal,Asia and the Pacific,1154.21517578318,15.7736497317824,28966574,-0.985120117664337,-0.178228780627251,-0.735240161418915,7736831,0.26709513524105405
NPL,2021,Nepal,Asia and the Pacific,1252.75076731986,17.4853032787772,29475010,-0.929678738117218,-0.187709629535675,-0.642471373081207,16432657.400000002,0.5575115122946523
NPL,2022,Nepal,Asia and the Pacific,1385.91066274851,NA,29715436,-0.918098270893097,-0.239196881651878,-0.650234937667847,38071140,1.281190691598804
NPL,2023,Nepal,Asia and the Pacific,1382.33055769304,13.9448572554799,29694614,-0.807803750038147,-0.226184993982315,-0.661413729190826,15059482.8,0.507145262100393
NPL,2024,Nepal,Asia and the Pacific,1447.31004458428,NA,29651054,NA,NA,NA,NA,NA
PER,2010,Peru,Latin America and Caribbean,NA,NA,NA,-0.239367961883545,-0.999915421009064,0.39282089471817,144578603,NA
PER,2011,Peru,Latin America and Caribbean,NA,NA,NA,-0.206647053360939,-0.760749697685242,0.404832929372787,88265427.4,NA
PER,2012,Peru,Latin America and Caribbean,6519.37852981527,16.5466871023417,29550366,-0.18742011487484,-0.907364726066589,0.436642318964005,75240301.2,2.546171549956437
PER,2013,Peru,Latin America and Caribbean,6746.80025696601,16.4330066929626,29817919,-0.151038065552711,-0.805739760398865,0.40630167722702,59806283.00000001,2.0057161936753536
PER,2014,Peru,Latin America and Caribbean,6667.13410360861,16.7209266789582,30115826,-0.326710402965546,-0.550656914710999,0.474248230457306,49429777.2,1.6413223133909727
PER,2015,Peru,Latin America and Caribbean,6231.71150338894,14.9196513179664,30457600,-0.367453664541245,-0.398910075426102,0.439279824495316,41197304.2,1.3526116371611685
PER,2016,Peru,Latin America and Caribbean,6217.03599995447,13.787547643237,30866494,-0.256282150745392,-0.207934841513634,0.469326198101044,110239108.60000001,3.5714813804250007
PER,2017,Peru,Latin America and Caribbean,6736.16693725487,13.1743416508113,31324637,-0.204775094985962,-0.2635098695755,0.351487755775452,58423279.39999999,1.8650903887569388
PER,2018,Peru,Latin America and Caribbean,6978.49121548627,14.2863713046141,31897584,-0.323809534311295,-0.276880770921707,0.443382769823074,35907504.400000006,1.1257123548918315
PER,2019,Peru,Latin America and Caribbean,7037.00803692604,14.5254040636024,32449303,-0.125898167490959,-0.163622617721558,0.517202258110046,56837786,1.7515872682997229
PER,2020,Peru,Latin America and Caribbean,6133.32552410183,13.2210909612666,32838579,-0.294280052185059,-0.35772293806076,0.471264183521271,74464237.4,2.2675840327926493
PER,2021,Peru,Latin America and Caribbean,6826.20255614477,15.9243395223169,33155882,-0.295280516147614,-0.355252951383591,0.0637786462903023,137181847.20000002,4.137481464073253
PER,2022,Peru,Latin America and Caribbean,7350.63034300417,NA,33475438,-0.39837571978569,-0.487095445394516,0.20857498049736,142455470,4.255522213032732
PER,2023,Peru,Latin America and Caribbean,7887.54185920108,NA,33845617,-0.491872787475586,-0.52178555727005,0.292205184698105,48785226.599999994,1.4414045576418357
PER,2024,Peru,Latin America and Caribbean,8452.37167056621,NA,34217848,NA,NA,NA,NA,NA
PHL,2010,Philippines,Asia and the Pacific,NA,NA,NA,0.0709009245038033,-1.65075957775116,-0.215251356363297,15878212,NA
PHL,2011,Philippines,Asia and the Pacific,NA,NA,NA,0.189581170678139,-1.39218163490295,-0.160969600081444,42998522.6,NA
PHL,2012,Philippines,Asia and the Pacific,2614.61644401308,12.3059271151495,100175512,0.205686181783676,-1.18824028968811,0.0405046008527279,112506534.39999999,1.1230941789446505
PHL,2013,Philippines,Asia and the Pacific,2781.27957677397,12.7438220628562,102076336,0.205928966403008,-1.08425319194794,0.0231475681066513,16311122.599999998,0.15979337855543715
PHL,2014,Philippines,Asia and the Pacific,2866.83803761407,13.0155171797493,103767130,0.31771445274353,-0.713820934295654,0.0773035287857056,424410838.4,4.090031577436901
PHL,2015,Philippines,Asia and the Pacific,2909.85818010301,13.0196105917208,105312992,0.160157755017281,-0.854724228382111,0.0541701726615429,20930699.8,0.1987475562369361
PHL,2016,Philippines,Asia and the Pacific,2985.19564024046,13.0871006913218,106735719,0.0184973310679197,-1.37869036197662,0.112924449145794,28541688,0.2674052160551802
PHL,2017,Philippines,Asia and the Pacific,3038.12124959289,13.5937937490496,108119693,-0.0349111147224903,-1.18929100036621,0.127081677317619,26735964.2,0.24728117013798773
PHL,2018,Philippines,Asia and the Pacific,3168.51036609727,14.0475332790366,109465287,0.062349122017622,-1.09620380401611,0.0287664085626602,24511549.799999997,0.22392075581001306
PHL,2019,Philippines,Asia and the Pacific,3400.78949767074,14.4884730214742,110804683,0.059953011572361,-0.9280606508255,0.100199609994888,22777814.8,0.20556725747773674
PHL,2020,Philippines,Asia and the Pacific,3227.57910235199,13.9509857073772,112081264,0.0678123831748962,-0.778704285621643,0.113156676292419,30848723.200000003,0.2752353256829795
PHL,2021,Philippines,Asia and the Pacific,3484.38593882819,14.1300039313539,113100950,0.0347901321947575,-0.984022319316864,0.0623732283711433,23641760.6,0.20903237859628943
PHL,2022,Philippines,Asia and the Pacific,3548.06930572116,14.6190058206626,113964338,0.063930444419384,-0.655268549919128,0.0627855956554413,84855438.6,0.744578875191641
PHL,2023,Philippines,Asia and the Pacific,3804.08274131097,14.1044353413959,114891199,0.154091909527779,-0.566050469875336,0.16425496339797999,32182410.000000004,0.2801120562768259
PHL,2024,Philippines,Asia and the Pacific,3984.8315387656,NA,115843670,NA,NA,NA,NA,NA
RWA,2010,Rwanda,Africa,NA,NA,NA,-0.158439069986343,-0.272093862295151,-0.239782363176346,10787387.200000001,NA
RWA,2011,Rwanda,Africa,NA,NA,NA,-0.0210469923913479,-0.17711777985096,-0.181345909833908,24974673.8,NA
RWA,2012,Rwanda,Africa,706.817269168561,NA,10829901,-0.101652063429356,-0.230615198612213,-0.126087740063667,8840647.8,0.8163184317197361
RWA,2013,Rwanda,Africa,704.92421851123,NA,11093340,-0.02711396291852,-0.110951617360115,-0.0301568936556578,23426606.600000005,2.1117721623965373
RWA,2014,Rwanda,Africa,724.957526520906,12.9476292724141,11364757,-0.0527384430170059,-0.313469648361206,0.185563325881958,11624758,1.0228778318797314
RWA,2015,Rwanda,Africa,733.998629882494,13.2938948825463,11640022,-0.146698489785194,0.00251837843097746,0.147564426064491,38116315,3.2745913195009426
RWA,2016,Rwanda,Africa,729.519133812945,14.416149504273,11919183,0.0133427688851953,-0.0665186643600464,0.0116269327700138,36918313.8,3.0973862721966765
RWA,2017,Rwanda,Africa,758.300966509647,13.4513713883394,12202060,0.178521797060966,0.0782710164785385,0.0796869844198227,15947266.399999999,1.3069323048731114
RWA,2018,Rwanda,Africa,771.773511207309,14.2497109145248,12487996,0.079555556178093,0.10175202041864401,0.0339737758040428,10381517.000000002,0.8313196929275123
RWA,2019,Rwanda,Africa,810.051412137354,14.6053573051595,12776103,0.0928625389933586,0.0569922886788845,-0.0101915299892426,7952892.2,0.6224818475555496
RWA,2020,Rwanda,Africa,778.701498925026,15.0744687983707,13065837,0.27377527952194203,0.0694564804434776,-3.5997480154037e-4,2341110,0.17917795851884574
RWA,2021,Rwanda,Africa,829.544845263697,14.4637097844237,13355260,0.22728443145752,0.071973480284214,0.0610510520637035,44730244,3.3492604412044393
RWA,2022,Rwanda,Africa,975.469323735369,13.6800512047892,13651030,0.232074052095413,0.082752451300621,0.16292978823185,20124696.400000002,1.4742254906772605
RWA,2023,Rwanda,Africa,1027.03446826565,13.5080695479594,13954471,0.388362646102905,0.108091473579407,0.124717451632023,33254697.400000002,2.3830854928144536
RWA,2024,Rwanda,Africa,999.65456165547,NA,14256567,NA,NA,NA,NA,NA
THA,2010,Thailand,Asia and the Pacific,NA,NA,NA,0.0832910686731339,-1.44278836250305,0.0618106834590435,5155884.4,NA
THA,2011,Thailand,Asia and the Pacific,NA,NA,NA,0.099299393594265,-1.13353371620178,0.0903827995061874,6506692.4,NA
THA,2012,Thailand,Asia and the Pacific,5725.52802835463,15.4409356720887,69436098,0.130159914493561,-1.21663069725037,0.137224212288857,4116697.2,0.05928756538133811
THA,2013,Thailand,Asia and the Pacific,6018.08244729255,17.738624653295,69845114,0.16293603181839,-1.31168270111084,0.130639657378197,4560775.600000001,0.06529842015863845
THA,2014,Thailand,Asia and the Pacific,5801.1978916205,16.4984954918647,70216367,0.256995350122452,-0.906386315822601,0.174806475639343,2331461,0.03320395371637499
THA,2015,Thailand,Asia and the Pacific,5688.85335397884,16.8518811101701,70540795,0.238737538456917,-0.995044946670532,0.195901736617088,1465296.6,0.020772328976445476
THA,2016,Thailand,Asia and the Pacific,5833.57715617098,16.1000351534032,70859841,0.22570513188839,-0.991300225257874,0.0528686940670013,2446080.8000000003,0.03451998713911876
THA,2017,Thailand,Asia and the Pacific,6413.09182530343,15.5187398280446,71160187,0.257845818996429,-0.754879415035248,0.0076168579980731,25440308.199999996,0.3575076074490922
THA,2018,Thailand,Asia and the Pacific,7099.77650081458,15.6981581342307,71376079,0.254539996385574,-0.799416124820709,-0.0440966561436653,1622678,0.02273419922660644
THA,2019,Thailand,Asia and the Pacific,7605.69657797759,15.3979482181899,71522271,0.260609537363052,-0.491406112909317,-0.0219450928270817,3726524.6,0.052102996002461946
THA,2020,Thailand,Asia and the Pacific,6985.64393892574,15.1931521673405,71641484,0.201812535524368,-0.578270494937897,0.0636607557535172,2492770,0.03479506370917721
THA,2021,Thailand,Asia and the Pacific,7057.20754802279,15.0844438504015,71727332,0.220056802034378,-0.56877988576889,0.0835350751876831,3304560.6000000006,0.04607114900077422
THA,2022,Thailand,Asia and the Pacific,6909.35281815827,15.1390495981787,71735329,0.127444162964821,-0.393339306116104,0.165019407868385,10510689.8,0.14652040976908326
THA,2023,Thailand,Asia and the Pacific,7195.10130919449,15.486772180917,71702435,0.171705812215805,-0.280302882194519,0.158257782459259,8299985.6,0.11575597955634281
THA,2024,Thailand,Asia and the Pacific,7346.62022142185,15.2576732483721,71668011,NA,NA,NA,NA,NA
TZA,2010,Tanzania,Africa,NA,NA,NA,-0.620883345603943,0.0144716212525964,-0.46234917640686,24461556.8,NA
TZA,2011,Tanzania,Africa,NA,NA,NA,-0.660571336746216,-0.0241334792226553,-0.449195504188538,71012812.8,NA
TZA,2012,Tanzania,Africa,861.969909667969,10.4330040159572,47374260,-0.70156067609787,0.0514542907476425,-0.410142123699188,33698998.6,0.711335619807043
TZA,2013,Tanzania,Africa,963.05712890625,10.7219234484868,48824128,-0.712978959083557,-0.162120848894119,-0.353273868560791,83425067.6,1.7086852549624643
TZA,2014,Tanzania,Africa,1022.74841308594,11.3637968874428,50351512,-0.657758951187134,-0.597118556499481,-0.363270282745361,80776121.4,1.6042442062117221
TZA,2015,Tanzania,Africa,939.127319335938,10.4924954944653,52020962,-0.653441548347473,-0.423460692167282,-0.427903473377228,91238609.4,1.753881625641602
TZA,2016,Tanzania,Africa,953.0107421875,11.3903399368077,53824013,-0.606901288032532,-0.448246777057648,-0.483072638511658,44464449.6,0.8261080347167723
TZA,2017,Tanzania,Africa,986.674011230469,11.8367190192838,55652890,-0.682187914848328,-0.570162117481232,-0.610115170478821,31500903.199999996,0.5660245712307123
TZA,2018,Tanzania,Africa,1023.10626220703,11.695083058288,57437145,-0.779476463794708,-0.580475687980652,-0.640993356704712,95464796.6,1.6620741960624956
TZA,2019,Tanzania,Africa,1063.32250976563,11.0191174811563,59174891,-0.854386746883392,-0.388420015573502,-0.668204069137573,47214092.599999994,0.7978737569622223
TZA,2020,Tanzania,Africa,1117.41528320313,11.6267688573291,60972798,-0.73927241563797,-0.480807662010193,-0.68933516740799,47286553.2,0.7755352345811652
TZA,2021,Tanzania,Africa,1159.85656738281,10.8557996451701,62830412,-0.648341059684753,-0.33555868268013,-0.640137732028961,161253461.2,2.5664874074039177
TZA,2022,Tanzania,Africa,1207.52062988281,11.7926807942271,64711821,-0.460365831851959,-0.260344117879868,-0.563533365726471,244048368.6,3.7713104781891396
TZA,2023,Tanzania,Africa,1224.00219726563,11.4914890206943,66617606,-0.455080926418304,-0.0527516007423401,-0.588394701480865,67439787.4,1.0123418034565819
TZA,2024,Tanzania,Africa,1186.71691894531,12.8029080708118,68560157,NA,NA,NA,NA,NA
UGA,2010,Uganda,Africa,NA,NA,NA,-0.572281301021576,-1.00055825710297,-0.201333165168762,51800129.6,NA
UGA,2011,Uganda,Africa,NA,NA,NA,-0.559457004070282,-0.976101815700531,-0.176683008670807,29364305.600000005,NA
UGA,2012,Uganda,Africa,795.222867553127,NA,34337438,-0.5962153673172,-0.868966519832611,-0.262373745441437,20686249.200000003,0.6024400888616094
UGA,2013,Uganda,Africa,818.285427416713,NA,35337042,-0.611745774745941,-0.838690638542175,-0.27647203207016,70660744.8,1.9996225150933684
UGA,2014,Uganda,Africa,896.054795546394,NA,36395539,-0.540372133255005,-0.9411261677742,-0.256649404764175,49089313.00000001,1.348772798776246
UGA,2015,Uganda,Africa,862.934610355811,10.801770807386,37531446,-0.575544655323029,-0.804575800895691,-0.319013208150864,59709993.199999996,1.590932393065804
UGA,2016,Uganda,Africa,752.696571725656,11.1195629637121,38799152,-0.632310152053833,-0.71827632188797,-0.272560328245163,46390365.599999994,1.195654111203255
UGA,2017,Uganda,Africa,765.218332297361,11.6047236692043,40177388,-0.632979094982147,-0.569948732852936,-0.263932079076767,46877593,1.1667655697279276
UGA,2018,Uganda,Africa,792.16570022814,11.6828686467659,41565831,-0.692296266555786,-0.701696455478668,-0.286415815353394,26741055.399999995,0.6433422538815594
UGA,2019,Uganda,Africa,822.171150036357,12.2363794666895,42999637,-0.648660719394684,-0.694263935089111,-0.414516240358353,74364644.2,1.7294249297965005
UGA,2020,Uganda,Africa,845.766463890124,11.391163306811,44457152,-0.616496086120605,-0.811038911342621,-0.482214450836182,21585692.6,0.4855392581153197
UGA,2021,Uganda,Africa,882.791717542504,12.4588666765954,45910930,-0.600672364234924,-0.937758684158325,-0.490780681371689,57765142.2,1.2582002194248734
UGA,2022,Uganda,Africa,963.067314117178,12.5499042686332,47312719,-0.605068683624268,-0.711015820503235,-0.490339338779449,31163082.199999996,0.6586618325613456
UGA,2023,Uganda,Africa,1002.30913917142,12.9683684791221,48656601,-0.549508571624756,-0.69550609588623,-0.517365336418152,114692359.60000001,2.3571798531508605
UGA,2024,Uganda,Africa,1077.91278452817,NA,50015092,NA,NA,NA,NA,NA
VNM,2010,Vietnam,Asia and the Pacific,NA,NA,NA,-0.242955058813095,0.148407876491547,-0.631919384002686,59981905.400000006,NA
VNM,2011,Vietnam,Asia and the Pacific,NA,NA,NA,-0.209270849823952,0.189088448882103,-0.609958648681641,124931765.39999999,NA
VNM,2012,Vietnam,Asia and the Pacific,2185.11767654291,NA,89510356,-0.248135596513748,0.267358660697937,-0.676629722118378,100475013.19999997,1.1224959623666335
VNM,2013,Vietnam,Asia and the Pacific,2359.51736472828,NA,90573104,-0.245401605963707,0.25057727098465,-0.65251749753952,28610135.8,0.31587893686408275
VNM,2014,Vietnam,Asia and the Pacific,2546.38464459903,NA,91679578,-0.0470734238624573,-0.0223473571240902,-0.602058231830597,168829314.59999996,1.8415149620344016
VNM,2015,Vietnam,Asia and the Pacific,2577.56885340113,NA,92823254,0.0631621554493904,0.0638082250952721,-0.505210995674133,69840890,0.7524072577761602
VNM,2016,Vietnam,Asia and the Pacific,2735.0604380416,NA,94000117,-0.0174771249294281,0.226832523941994,-0.502611756324768,188585284.4,2.006223932678722
VNM,2017,Vietnam,Asia and the Pacific,2956.10992127753,NA,95176977,-0.0333407856523991,0.211102172732353,-0.433779716491699,43104002.599999994,0.4528826608981287
VNM,2018,Vietnam,Asia and the Pacific,3222.31003125366,NA,96237319,-0.0117206163704395,0.0330829620361328,-0.372491270303726,36221767.4,0.376379639170954
VNM,2019,Vietnam,Asia and the Pacific,3440.90025375434,NA,97173776,0.0278810821473598,0.0399874038994312,-0.375260800123215,35229105.4,0.36253716640588296
VNM,2020,Vietnam,Asia and the Pacific,3534.03953482647,NA,98079191,0.193557769060135,-0.0389890633523464,-0.236916333436966,31194154.200000003,0.3180506882443596
VNM,2021,Vietnam,Asia and the Pacific,3704.1935590038,NA,98935098,0.243436112999916,-0.117782436311245,-0.404661357402802,120970289.19999999,1.222723701147999
VNM,2022,Vietnam,Asia and the Pacific,4147.69777213621,NA,99680655,0.174635261297226,-0.0461320951581001,-0.429956316947937,21857880.8,0.21927906472925965
VNM,2023,Vietnam,Asia and the Pacific,4323.35031982451,NA,100352192,0.126466900110245,-0.0363807342946529,-0.382607728242874,64364936.800000004,0.641390442173899
VNM,2024,Vietnam,Asia and the Pacific,4717.29028732449,NA,100987686,NA,NA,NA,NA,NA
ZAF,2010,South Africa,Africa,NA,NA,NA,0.191702410578728,-0.0294270031154156,0.445573270320892,6691732,NA
ZAF,2011,South Africa,Africa,NA,NA,NA,0.217559650540352,0.0240315701812506,0.44640627503395103,7892131.8,NA
ZAF,2012,South Africa,Africa,8076.97678479741,23.345765990089,53782567,0.170115306973457,-0.0253867004066706,0.398661673069,30917896.200000003,0.5748683620846882
ZAF,2013,South Africa,Africa,7331.65467384919,23.8313913642654,54678791,0.30602103471756,-0.0462945364415646,0.380482465028763,22220703,0.40638614339516027
ZAF,2014,South Africa,Africa,6856.73137092522,24.4319342244652,55594838,0.165043815970421,-0.146388962864876,0.230833724141121,11142238.399999999,0.20041857842988944
ZAF,2015,South Africa,Africa,6112.27382485974,25.048692710362,56723537,0.0873290970921516,-0.220544874668121,0.208593904972076,11799182.4,0.20801210615621518
ZAF,2016,South Africa,Africa,5651.20585165749,24.8283559921779,57259551,0.101402580738068,-0.149085000157356,0.119783155620098,59438750.800000004,1.0380582760769466
ZAF,2017,South Africa,Africa,6618.33508255701,24.7692872987431,57635162,0.0707959234714508,-0.284803628921509,0.13887757062912,8246532.4,0.14308162090357274
ZAF,2018,South Africa,Africa,6914.1780318076,24.8948940794134,58613001,0.103647440671921,-0.237546816468239,-0.0407781675457954,4421739,0.07543955990241824
ZAF,2019,South Africa,Africa,6533.71121032856,24.8673453266234,59587885,0.127971157431602,-0.2832210958004,0.00850539095699787,12285164.8,0.20616883448707737
ZAF,2020,South Africa,Africa,5580.60383075189,23.264944033831,60562381,0.0465345233678818,-0.252867221832275,0.0204948224127293,5346996,0.08828906512113519
ZAF,2021,South Africa,Africa,6828.75624590017,25.950154202709,61502603,-0.0701303705573082,-0.750981450080872,-0.0907086357474327,20276345.6,0.3296827225345243
ZAF,2022,South Africa,Africa,6534.24867783397,26.018376592419,62378410,-0.109027646481991,-0.681386351585388,-0.185125753283501,8640379.8,0.13851555049255024
ZAF,2023,South Africa,Africa,6034.27208964673,25.4004573761785,63212384,-0.256946682929993,-0.665642023086548,-0.223697945475578,13226403.4,0.20923753484760202
ZAF,2024,South Africa,Africa,6267.186814093,NA,64007187,NA,NA,NA,NA,NA
ZMB,2010,Zambia,Africa,NA,NA,NA,-0.862070262432098,0.515351355075836,-0.524832308292389,11444830.799999999,NA
ZMB,2011,Zambia,Africa,NA,NA,NA,-0.682568550109863,0.509773790836334,-0.467423737049103,13627499.600000001,NA
ZMB,2012,Zambia,Africa,1710.05061343728,14.8923642974021,14913629,-0.509467363357544,0.660962522029877,-0.444079786539078,29186888.2,1.9570614368910477
ZMB,2013,Zambia,Africa,1820.71854827391,14.3471093166635,15398997,-0.520099937915802,0.435933291912079,-0.494722932577133,28738637.4,1.8662668354309049
ZMB,2014,Zambia,Africa,1707.48573136694,15.7610303316911,15895315,-0.534005224704742,0.156212016940117,-0.533904850482941,25831261.8,1.6250864987576528
ZMB,2015,Zambia,Africa,1295.87788680068,14.3939639330138,16399089,-0.643124341964722,0.144709780812263,-0.495386928319931,31513921.200000003,1.9216873083620682
ZMB,2016,Zambia,Africa,1239.08527877713,13.3531814269452,16914423,-0.737501263618469,0.132928282022476,-0.539625227451324,28783589.4,1.7017186693273545
ZMB,2017,Zambia,Africa,1483.46577328065,15.1848569595374,17441320,-0.70034521818161,0.142043307423592,-0.516228199005127,18657771.2,1.0697453633096576
ZMB,2018,Zambia,Africa,1463.89997855593,16.5870654743884,17973569,-0.653517723083496,0.0826330557465553,-0.527298510074615,21973205.2,1.2225287698842673
ZMB,2019,Zambia,Africa,1258.98619844462,16.6776226624707,18513839,-0.741789400577545,-0.116989657282829,-0.613412022590637,9041021.200000001,0.48833854502029544
ZMB,2020,Zambia,Africa,951.644316655957,16.4180055087603,19059395,-0.824682414531708,-0.13097919523716,-0.687793910503387,7307538.799999999,0.38340874933333396
ZMB,2021,Zambia,Africa,1127.16077872857,16.7804106780344,19603607,-0.840983033180237,0.0524137951433659,-0.570348262786865,11015201.600000001,0.5618966754434529
ZMB,2022,Zambia,Africa,1447.12310138035,NA,20152938,-0.638017058372498,0.161331877112389,-0.529057919979095,49074852.00000001,2.4351214696338572
ZMB,2023,Zambia,Africa,1330.72780576709,NA,20723965,-0.658970057964325,0.201727285981178,-0.49810004234314,15310817.400000002,0.7387976866395983
ZMB,2024,Zambia,Africa,1187.10943350064,NA,21314956,NA,NA,NA,NA,NA
