iso3c,bfp_year,gdppc_bfp_window,GE_bfp_window,oda_bfp_window_pc
BLZ,2019,5927.39789445838,-0.612419593334198,0.9199781231179287
BRA,2019,8691.546926242892,-0.40610489845275877,0.5228550551799084
BTN,2019,3434.93074812342,0.423322880268097,6.757455551213738
BWA,2019,7163.239683913804,0.2978156298398972,1.8639904935538198
COL,2018,6213.71511250439,-0.055193528532981914,5.037599484250018
CRI,2018,12491.13704322078,0.2806528836488724,0.36989151905978923
CUB,2019,9089.90266524738,-0.2160731256008148,1.3768718123396344
ECU,2024,6686.753163948887,-0.401761665940285,5.294789450773877
FJI,2018,5547.755475163368,0.4169011652469636,1.7126311647597094
GEO,2018,4481.669642174802,0.5806944012641906,5.86333893485748
GTM,2016,4064.146381304442,-0.7194152474403382,1.7468087511208295
IDN,2018,3828.39153531466,0.10532567910850046,0.49877247053011287
IND,2019,2020.888846312562,0.21171142533421522,0.14499831814028308
KAZ,2018,8825.9540905079,-0.015100021660327928,0.05260145619344765
KGZ,2019,1301.285003877606,-0.6963592529296876,0.26824300477943236
KHM,2021,2245.959694841606,-0.4411328554153444,1.4005203912417223
LKA,2018,4167.238046006284,-0.13245988190174096,1.397583481920567
MDG,2022,500.5486034732014,-1.0189403891563398,2.3902893079494185
MEX,2018,9608.564401946032,-0.18151322454214092,0.6566141889303949
MNG,2017,3911.995521773336,-0.2606827676296235,4.218069061798207
MOZ,2021,538.3797224599124,-0.7951574087142944,2.045373944317592
MYS,2018,10223.720438122362,0.9278749823570256,0.09263106731602994
NPL,2022,1327.108398385598,-0.9101752191781998,0.6532356503087259
PER,2019,6742.705187825079,-0.2488086730241778,2.229491101762879
PHL,2016,2993.70469472954,0.10476150922477248,1.0054772551354036
RWA,2019,798.4759012872162,0.1703999206423759,1.2578344490158917
THA,2018,6787.035237725806,0.2401026040315626,0.10033197070529132
THA,2020,7130.74095329618,0.2128926068544386,0.060444763541620615
TZA,2022,1180.280273437502,-0.5757650583982465,2.031418730907701
UGA,2019,821.6226727988972,-0.6382209062576292,1.0566544461892362
VNM,2019,3371.51066002316,0.08396271243691444,0.5465147711734648
ZAF,2018,6259.60680142051,0.09007032513618472,0.31020747129823
ZMB,2018,1279.4163091428575,-0.7315672039985656,0.9731480193749817
