country,n,max_pareto_k,mean_pareto_k,n_above_0_7
Zambia,15,0.6826985419606757,0.20532923735762784,0
Malaysia,9,0.6332932537453688,0.23115561975994364,0
Bhutan,6,0.5337654665872988,0.3023197640229098,0
Costa Rica,4,0.5197008332644475,0.3284728959554708,0
South Africa,16,0.4753080910921965,0.15211231669868575,0
Botswana,8,0.46375419123340356,0.2651204965237825,0
Georgia,9,0.4466275006208329,0.2673486903146274,0
Guatemala,7,0.40912551784568757,0.2981060852526303,0
Peru,9,0.4003299227805256,0.1889857159716078,0
India,12,0.3956300886428835,0.21513925119271476,0
Mexico,12,0.3918171507134478,0.23256178113745227,0
Kazakhstan,8,0.3774374750469589,0.2809553248341393,0
Kyrgyzstan,12,0.36858469771170116,0.21984024119997664,0
Mongolia,4,0.3665609725580309,0.30426349182993856,0
Ecuador,15,0.3624252573918997,0.1941706728174589,0
Colombia,5,0.3561675869105412,0.2425039970199596,0
Rwanda,12,0.35029565682728275,0.16547860546516505,0
Thailand,12,0.3378935525718628,0.21503297134585958,0
Mozambique,6,0.3291681904378309,0.24265936017864995,0
Belize,10,0.3169872355826398,0.14165612128761845,0
Philippines,14,0.2919807533663792,0.20606617196046742,0
Tanzania,12,0.2890828245360756,0.1677206288087164,0
Nepal,13,0.27758817876128894,0.16538460466153573,0
Sri Lanka,6,0.26900240193335623,0.2032546121109113,0
Cambodia,7,0.25705544458758434,0.16272535835372218,0
Fiji,11,0.2539503563150366,0.13954437483405005,0
Madagascar,21,0.24114503988703295,0.12765702582427635,0
Uganda,10,0.21118861883661302,0.1306109269772763,0
Brazil,3,0.15631215547627636,0.1431340652943957,0
